WRIST,THUMB_CMC,THUMB_MCP,THUMB_IP,THUMB_TIP,INDEX_FINGER_MCP,INDEX_FINGER_PIP,INDEX_FINGER_DIP,INDEX_FINGER_TIP,MIDDLE_FINGER_MCP,MIDDLE_FINGER_PIP,MIDDLE_FINGER_DIP,MIDDLE_FINGER_TIP,RING_FINGER_MCP,RING_FINGER_PIP,RING_FINGER_DIP,RING_FINGER_TIP,PINKY_MCP,PINKY_PIP,PINKY_DIP,PINKY_TIP,WRIST2,THUMB_CMC2,THUMB_MCP2,THUMB_IP2,THUMB_TIP2,INDEX_FINGER_MCP2,INDEX_FINGER_PIP2,INDEX_FINGER_DIP2,INDEX_FINGER_TIP2,MIDDLE_FINGER_MCP2,MIDDLE_FINGER_PIP2,MIDDLE_FINGER_DIP2,MIDDLE_FINGER_TIP2,RING_FINGER_MCP2,RING_FINGER_PIP2,RING_FINGER_DIP2,RING_FINGER_TIP2,PINKY_MCP2,PINKY_PIP2,PINKY_DIP2,PINKY_TIP2,Timestamp,Event
10 0 0,10 7.47 0,10 7.47 0,10 7.47 0,10 7.47 0,10 7.47 0,10 7.47 0,10 7.47 0,10 7.47 0,10 7.47 0,10 7.47 0,10 7.47 0,10 7.47 0,10 7.47 0,10 7.47 0,10 7.47 0,10 7.47 0,10 7.47 0,10 7.47 0,10 7.47 0,10 7.47 0,10 0 0,10 7.47 0,10 7.47 0,10 7.47 0,10 7.47 0,10 7.47 0,10 7.47 0,10 7.47 0,10 7.47 0,10 7.47 0,10 7.47 0,10 7.47 0,10 7.47 0,10 7.47 0,10 7.47 0,10 7.47 0,10 7.47 0,10 7.47 0,10 7.47 0,10 7.47 0,10 7.47 0,0.010,
2 0 -9.125352,2 0 -9.125352,2 0 -9.125352,2 0 -9.125352,2 0 -9.125352,2 0 -9.125352,2 0 -9.125352,2 0 -9.125352,2 0 -9.125352,2 0 -9.125352,2 0 -9.125352,2 0 -9.125352,2 0 -9.125352,2 0 -9.125352,2 0 -9.125352,2 0 -9.125352,2 0 -9.125352,2 0 -9.125352,2 0 -9.125352,2 0 -9.125352,2 0 -9.125352,2 0 -9.646972,2 0 -9.646972,2 0 -9.646972,2 0 -9.646972,2 0 -9.646972,2 0 -9.646972,2 0 -9.646972,2 0 -9.646972,2 0 -9.646972,2 0 -9.646972,2 0 -9.646972,2 0 -9.646972,2 0 -9.646972,2 0 -9.646972,2 0 -9.646972,2 0 -9.646972,2 0 -9.646972,2 0 -9.646972,2 0 -9.646972,2 0 -9.646972,2 0 -9.646972,0.110,
2 0 -9.125352,2 0 -9.125352,2 0 -9.125352,2 0 -9.125352,2 0 -9.125352,2 0 -9.125352,2 0 -9.125352,2 0 -9.125352,2 0 -9.125352,2 0 -9.125352,2 0 -9.125352,2 0 -9.125352,2 0 -9.125352,2 0 -9.125352,2 0 -9.125352,2 0 -9.125352,2 0 -9.125352,2 0 -9.125352,2 0 -9.125352,2 0 -9.125352,2 0 -9.125352,2 0 -9.646972,2 0 -9.646972,2 0 -9.646972,2 0 -9.646972,2 0 -9.646972,2 0 -9.646972,2 0 -9.646972,2 0 -9.646972,2 0 -9.646972,2 0 -9.646972,2 0 -9.646972,2 0 -9.646972,2 0 -9.646972,2 0 -9.646972,2 0 -9.646972,2 0 -9.646972,2 0 -9.646972,2 0 -9.646972,2 0 -9.646972,2 0 -9.646972,2 0 -9.646972,0.210,
2 0 -9.125352,2 0 -9.125352,2 0 -9.125352,2 0 -9.125352,2 0 -9.125352,2 0 -9.125352,2 0 -9.125352,2 0 -9.125352,2 0 -9.125352,2 0 -9.125352,2 0 -9.125352,2 0 -9.125352,2 0 -9.125352,2 0 -9.125352,2 0 -9.125352,2 0 -9.125352,2 0 -9.125352,2 0 -9.125352,2 0 -9.125352,2 0 -9.125352,2 0 -9.125352,2 0 -9.646972,2 0 -9.646972,2 0 -9.646972,2 0 -9.646972,2 0 -9.646972,2 0 -9.646972,2 0 -9.646972,2 0 -9.646972,2 0 -9.646972,2 0 -9.646972,2 0 -9.646972,2 0 -9.646972,2 0 -9.646972,2 0 -9.646972,2 0 -9.646972,2 0 -9.646972,2 0 -9.646972,2 0 -9.646972,2 0 -9.646972,2 0 -9.646972,2 0 -9.646972,0.310,
2 0 -9.125352,2 0 -9.125352,2 0 -9.125352,2 0 -9.125352,2 0 -9.125352,2 0 -9.125352,2 0 -9.125352,2 0 -9.125352,2 0 -9.125352,2 0 -9.125352,2 0 -9.125352,2 0 -9.125352,2 0 -9.125352,2 0 -9.125352,2 0 -9.125352,2 0 -9.125352,2 0 -9.125352,2 0 -9.125352,2 0 -9.125352,2 0 -9.125352,2 0 -9.125352,2 0 -9.646972,2 0 -9.646972,2 0 -9.646972,2 0 -9.646972,2 0 -9.646972,2 0 -9.646972,2 0 -9.646972,2 0 -9.646972,2 0 -9.646972,2 0 -9.646972,2 0 -9.646972,2 0 -9.646972,2 0 -9.646972,2 0 -9.646972,2 0 -9.646972,2 0 -9.646972,2 0 -9.646972,2 0 -9.646972,2 0 -9.646972,2 0 -9.646972,2 0 -9.646972,0.410,
2 0 -9.125352,2 0 -9.125352,2 0 -9.125352,2 0 -9.125352,2 0 -9.125352,2 0 -9.125352,2 0 -9.125352,2 0 -9.125352,2 0 -9.125352,2 0 -9.125352,2 0 -9.125352,2 0 -9.125352,2 0 -9.125352,2 0 -9.125352,2 0 -9.125352,2 0 -9.125352,2 0 -9.125352,2 0 -9.125352,2 0 -9.125352,2 0 -9.125352,2 0 -9.125352,2 0 -9.646972,2 0 -9.646972,2 0 -9.646972,2 0 -9.646972,2 0 -9.646972,2 0 -9.646972,2 0 -9.646972,2 0 -9.646972,2 0 -9.646972,2 0 -9.646972,2 0 -9.646972,2 0 -9.646972,2 0 -9.646972,2 0 -9.646972,2 0 -9.646972,2 0 -9.646972,2 0 -9.646972,2 0 -9.646972,2 0 -9.646972,2 0 -9.646972,2 0 -9.646972,0.510,
2 0 -9.125352,2 0 -9.125352,2 0 -9.125352,2 0 -9.125352,2 0 -9.125352,2 0 -9.125352,2 0 -9.125352,2 0 -9.125352,2 0 -9.125352,2 0 -9.125352,2 0 -9.125352,2 0 -9.125352,2 0 -9.125352,2 0 -9.125352,2 0 -9.125352,2 0 -9.125352,2 0 -9.125352,2 0 -9.125352,2 0 -9.125352,2 0 -9.125352,2 0 -9.125352,2 0 -9.646972,2 0 -9.646972,2 0 -9.646972,2 0 -9.646972,2 0 -9.646972,2 0 -9.646972,2 0 -9.646972,2 0 -9.646972,2 0 -9.646972,2 0 -9.646972,2 0 -9.646972,2 0 -9.646972,2 0 -9.646972,2 0 -9.646972,2 0 -9.646972,2 0 -9.646972,2 0 -9.646972,2 0 -9.646972,2 0 -9.646972,2 0 -9.646972,2 0 -9.646972,0.610,
2 0 -9.125352,2 0 -9.125352,2 0 -9.125352,2 0 -9.125352,2 0 -9.125352,2 0 -9.125352,2 0 -9.125352,2 0 -9.125352,2 0 -9.125352,2 0 -9.125352,2 0 -9.125352,2 0 -9.125352,2 0 -9.125352,2 0 -9.125352,2 0 -9.125352,2 0 -9.125352,2 0 -9.125352,2 0 -9.125352,2 0 -9.125352,2 0 -9.125352,2 0 -9.125352,2 0 -9.646972,2 0 -9.646972,2 0 -9.646972,2 0 -9.646972,2 0 -9.646972,2 0 -9.646972,2 0 -9.646972,2 0 -9.646972,2 0 -9.646972,2 0 -9.646972,2 0 -9.646972,2 0 -9.646972,2 0 -9.646972,2 0 -9.646972,2 0 -9.646972,2 0 -9.646972,2 0 -9.646972,2 0 -9.646972,2 0 -9.646972,2 0 -9.646972,2 0 -9.646972,0.710,
2 0 -9.125352,2 0 -9.125352,2 0 -9.125352,2 0 -9.125352,2 0 -9.125352,2 0 -9.125352,2 0 -9.125352,2 0 -9.125352,2 0 -9.125352,2 0 -9.125352,2 0 -9.125352,2 0 -9.125352,2 0 -9.125352,2 0 -9.125352,2 0 -9.125352,2 0 -9.125352,2 0 -9.125352,2 0 -9.125352,2 0 -9.125352,2 0 -9.125352,2 0 -9.125352,2 0 -9.646972,2 0 -9.646972,2 0 -9.646972,2 0 -9.646972,2 0 -9.646972,2 0 -9.646972,2 0 -9.646972,2 0 -9.646972,2 0 -9.646972,2 0 -9.646972,2 0 -9.646972,2 0 -9.646972,2 0 -9.646972,2 0 -9.646972,2 0 -9.646972,2 0 -9.646972,2 0 -9.646972,2 0 -9.646972,2 0 -9.646972,2 0 -9.646972,2 0 -9.646972,0.810,
2 0 -9.125352,2 0 -9.125352,2 0 -9.125352,2 0 -9.125352,2 0 -9.125352,2 0 -9.125352,2 0 -9.125352,2 0 -9.125352,2 0 -9.125352,2 0 -9.125352,2 0 -9.125352,2 0 -9.125352,2 0 -9.125352,2 0 -9.125352,2 0 -9.125352,2 0 -9.125352,2 0 -9.125352,2 0 -9.125352,2 0 -9.125352,2 0 -9.125352,2 0 -9.125352,2 0 -9.646972,2 0 -9.646972,2 0 -9.646972,2 0 -9.646972,2 0 -9.646972,2 0 -9.646972,2 0 -9.646972,2 0 -9.646972,2 0 -9.646972,2 0 -9.646972,2 0 -9.646972,2 0 -9.646972,2 0 -9.646972,2 0 -9.646972,2 0 -9.646972,2 0 -9.646972,2 0 -9.646972,2 0 -9.646972,2 0 -9.646972,2 0 -9.646972,2 0 -9.646972,0.910,
2 0 -9.125352,2 0 -9.125352,2 0 -9.125352,2 0 -9.125352,2 0 -9.125352,2 0 -9.125352,2 0 -9.125352,2 0 -9.125352,2 0 -9.125352,2 0 -9.125352,2 0 -9.125352,2 0 -9.125352,2 0 -9.125352,2 0 -9.125352,2 0 -9.125352,2 0 -9.125352,2 0 -9.125352,2 0 -9.125352,2 0 -9.125352,2 0 -9.125352,2 0 -9.125352,2 0 -9.646972,2 0 -9.646972,2 0 -9.646972,2 0 -9.646972,2 0 -9.646972,2 0 -9.646972,2 0 -9.646972,2 0 -9.646972,2 0 -9.646972,2 0 -9.646972,2 0 -9.646972,2 0 -9.646972,2 0 -9.646972,2 0 -9.646972,2 0 -9.646972,2 0 -9.646972,2 0 -9.646972,2 0 -9.646972,2 0 -9.646972,2 0 -9.646972,2 0 -9.646972,1.010,
2 0 -9.125352,2 0 -9.125352,2 0 -9.125352,2 0 -9.125352,2 0 -9.125352,2 0 -9.125352,2 0 -9.125352,2 0 -9.125352,2 0 -9.125352,2 0 -9.125352,2 0 -9.125352,2 0 -9.125352,2 0 -9.125352,2 0 -9.125352,2 0 -9.125352,2 0 -9.125352,2 0 -9.125352,2 0 -9.125352,2 0 -9.125352,2 0 -9.125352,2 0 -9.125352,2 0 -9.646972,2 0 -9.646972,2 0 -9.646972,2 0 -9.646972,2 0 -9.646972,2 0 -9.646972,2 0 -9.646972,2 0 -9.646972,2 0 -9.646972,2 0 -9.646972,2 0 -9.646972,2 0 -9.646972,2 0 -9.646972,2 0 -9.646972,2 0 -9.646972,2 0 -9.646972,2 0 -9.646972,2 0 -9.646972,2 0 -9.646972,2 0 -9.646972,2 0 -9.646972,1.110,
2 0 -9.125352,2 0 -9.125352,2 0 -9.125352,2 0 -9.125352,2 0 -9.125352,2 0 -9.125352,2 0 -9.125352,2 0 -9.125352,2 0 -9.125352,2 0 -9.125352,2 0 -9.125352,2 0 -9.125352,2 0 -9.125352,2 0 -9.125352,2 0 -9.125352,2 0 -9.125352,2 0 -9.125352,2 0 -9.125352,2 0 -9.125352,2 0 -9.125352,2 0 -9.125352,2 0 -9.646972,2 0 -9.646972,2 0 -9.646972,2 0 -9.646972,2 0 -9.646972,2 0 -9.646972,2 0 -9.646972,2 0 -9.646972,2 0 -9.646972,2 0 -9.646972,2 0 -9.646972,2 0 -9.646972,2 0 -9.646972,2 0 -9.646972,2 0 -9.646972,2 0 -9.646972,2 0 -9.646972,2 0 -9.646972,2 0 -9.646972,2 0 -9.646972,2 0 -9.646972,1.210,
2 0 -9.125352,2 0 -9.125352,2 0 -9.125352,2 0 -9.125352,2 0 -9.125352,2 0 -9.125352,2 0 -9.125352,2 0 -9.125352,2 0 -9.125352,2 0 -9.125352,2 0 -9.125352,2 0 -9.125352,2 0 -9.125352,2 0 -9.125352,2 0 -9.125352,2 0 -9.125352,2 0 -9.125352,2 0 -9.125352,2 0 -9.125352,2 0 -9.125352,2 0 -9.125352,2 0 -9.646972,2 0 -9.646972,2 0 -9.646972,2 0 -9.646972,2 0 -9.646972,2 0 -9.646972,2 0 -9.646972,2 0 -9.646972,2 0 -9.646972,2 0 -9.646972,2 0 -9.646972,2 0 -9.646972,2 0 -9.646972,2 0 -9.646972,2 0 -9.646972,2 0 -9.646972,2 0 -9.646972,2 0 -9.646972,2 0 -9.646972,2 0 -9.646972,2 0 -9.646972,1.310,
2 0 -9.125352,2 0 -9.125352,2 0 -9.125352,2 0 -9.125352,2 0 -9.125352,2 0 -9.125352,2 0 -9.125352,2 0 -9.125352,2 0 -9.125352,2 0 -9.125352,2 0 -9.125352,2 0 -9.125352,2 0 -9.125352,2 0 -9.125352,2 0 -9.125352,2 0 -9.125352,2 0 -9.125352,2 0 -9.125352,2 0 -9.125352,2 0 -9.125352,2 0 -9.125352,2 0 -9.646972,2 0 -9.646972,2 0 -9.646972,2 0 -9.646972,2 0 -9.646972,2 0 -9.646972,2 0 -9.646972,2 0 -9.646972,2 0 -9.646972,2 0 -9.646972,2 0 -9.646972,2 0 -9.646972,2 0 -9.646972,2 0 -9.646972,2 0 -9.646972,2 0 -9.646972,2 0 -9.646972,2 0 -9.646972,2 0 -9.646972,2 0 -9.646972,2 0 -9.646972,1.410,
2 0 -9.125352,2 0 -9.125352,2 0 -9.125352,2 0 -9.125352,2 0 -9.125352,2 0 -9.125352,2 0 -9.125352,2 0 -9.125352,2 0 -9.125352,2 0 -9.125352,2 0 -9.125352,2 0 -9.125352,2 0 -9.125352,2 0 -9.125352,2 0 -9.125352,2 0 -9.125352,2 0 -9.125352,2 0 -9.125352,2 0 -9.125352,2 0 -9.125352,2 0 -9.125352,2 0 -9.646972,2 0 -9.646972,2 0 -9.646972,2 0 -9.646972,2 0 -9.646972,2 0 -9.646972,2 0 -9.646972,2 0 -9.646972,2 0 -9.646972,2 0 -9.646972,2 0 -9.646972,2 0 -9.646972,2 0 -9.646972,2 0 -9.646972,2 0 -9.646972,2 0 -9.646972,2 0 -9.646972,2 0 -9.646972,2 0 -9.646972,2 0 -9.646972,2 0 -9.646972,1.510,
2 0 -9.125352,2 0 -9.125352,2 0 -9.125352,2 0 -9.125352,2 0 -9.125352,2 0 -9.125352,2 0 -9.125352,2 0 -9.125352,2 0 -9.125352,2 0 -9.125352,2 0 -9.125352,2 0 -9.125352,2 0 -9.125352,2 0 -9.125352,2 0 -9.125352,2 0 -9.125352,2 0 -9.125352,2 0 -9.125352,2 0 -9.125352,2 0 -9.125352,2 0 -9.125352,2 0 -9.646972,2 0 -9.646972,2 0 -9.646972,2 0 -9.646972,2 0 -9.646972,2 0 -9.646972,2 0 -9.646972,2 0 -9.646972,2 0 -9.646972,2 0 -9.646972,2 0 -9.646972,2 0 -9.646972,2 0 -9.646972,2 0 -9.646972,2 0 -9.646972,2 0 -9.646972,2 0 -9.646972,2 0 -9.646972,2 0 -9.646972,2 0 -9.646972,2 0 -9.646972,1.610,
2 0 -9.125352,2 0 -9.125352,2 0 -9.125352,2 0 -9.125352,2 0 -9.125352,2 0 -9.125352,2 0 -9.125352,2 0 -9.125352,2 0 -9.125352,2 0 -9.125352,2 0 -9.125352,2 0 -9.125352,2 0 -9.125352,2 0 -9.125352,2 0 -9.125352,2 0 -9.125352,2 0 -9.125352,2 0 -9.125352,2 0 -9.125352,2 0 -9.125352,2 0 -9.125352,2 0 -9.646972,2 0 -9.646972,2 0 -9.646972,2 0 -9.646972,2 0 -9.646972,2 0 -9.646972,2 0 -9.646972,2 0 -9.646972,2 0 -9.646972,2 0 -9.646972,2 0 -9.646972,2 0 -9.646972,2 0 -9.646972,2 0 -9.646972,2 0 -9.646972,2 0 -9.646972,2 0 -9.646972,2 0 -9.646972,2 0 -9.646972,2 0 -9.646972,2 0 -9.646972,1.710,
2 0 -9.125352,2 0 -9.125352,2 0 -9.125352,2 0 -9.125352,2 0 -9.125352,2 0 -9.125352,2 0 -9.125352,2 0 -9.125352,2 0 -9.125352,2 0 -9.125352,2 0 -9.125352,2 0 -9.125352,2 0 -9.125352,2 0 -9.125352,2 0 -9.125352,2 0 -9.125352,2 0 -9.125352,2 0 -9.125352,2 0 -9.125352,2 0 -9.125352,2 0 -9.125352,2 0 -9.646972,2 0 -9.646972,2 0 -9.646972,2 0 -9.646972,2 0 -9.646972,2 0 -9.646972,2 0 -9.646972,2 0 -9.646972,2 0 -9.646972,2 0 -9.646972,2 0 -9.646972,2 0 -9.646972,2 0 -9.646972,2 0 -9.646972,2 0 -9.646972,2 0 -9.646972,2 0 -9.646972,2 0 -9.646972,2 0 -9.646972,2 0 -9.646972,2 0 -9.646972,1.810,
2 0 -9.125352,2 0 -9.125352,2 0 -9.125352,2 0 -9.125352,2 0 -9.125352,2 0 -9.125352,2 0 -9.125352,2 0 -9.125352,2 0 -9.125352,2 0 -9.125352,2 0 -9.125352,2 0 -9.125352,2 0 -9.125352,2 0 -9.125352,2 0 -9.125352,2 0 -9.125352,2 0 -9.125352,2 0 -9.125352,2 0 -9.125352,2 0 -9.125352,2 0 -9.125352,2 0 -9.646972,2 0 -9.646972,2 0 -9.646972,2 0 -9.646972,2 0 -9.646972,2 0 -9.646972,2 0 -9.646972,2 0 -9.646972,2 0 -9.646972,2 0 -9.646972,2 0 -9.646972,2 0 -9.646972,2 0 -9.646972,2 0 -9.646972,2 0 -9.646972,2 0 -9.646972,2 0 -9.646972,2 0 -9.646972,2 0 -9.646972,2 0 -9.646972,2 0 -9.646972,1.910,
2 0 -9.125352,2 0 -9.125352,2 0 -9.125352,2 0 -9.125352,2 0 -9.125352,2 0 -9.125352,2 0 -9.125352,2 0 -9.125352,2 0 -9.125352,2 0 -9.125352,2 0 -9.125352,2 0 -9.125352,2 0 -9.125352,2 0 -9.125352,2 0 -9.125352,2 0 -9.125352,2 0 -9.125352,2 0 -9.125352,2 0 -9.125352,2 0 -9.125352,2 0 -9.125352,2 0 -9.646972,2 0 -9.646972,2 0 -9.646972,2 0 -9.646972,2 0 -9.646972,2 0 -9.646972,2 0 -9.646972,2 0 -9.646972,2 0 -9.646972,2 0 -9.646972,2 0 -9.646972,2 0 -9.646972,2 0 -9.646972,2 0 -9.646972,2 0 -9.646972,2 0 -9.646972,2 0 -9.646972,2 0 -9.646972,2 0 -9.646972,2 0 -9.646972,2 0 -9.646972,2.010,
2 0 -9.125352,2 0 -9.125352,2 0 -9.125352,2 0 -9.125352,2 0 -9.125352,2 0 -9.125352,2 0 -9.125352,2 0 -9.125352,2 0 -9.125352,2 0 -9.125352,2 0 -9.125352,2 0 -9.125352,2 0 -9.125352,2 0 -9.125352,2 0 -9.125352,2 0 -9.125352,2 0 -9.125352,2 0 -9.125352,2 0 -9.125352,2 0 -9.125352,2 0 -9.125352,2 0 -9.646972,2 0 -9.646972,2 0 -9.646972,2 0 -9.646972,2 0 -9.646972,2 0 -9.646972,2 0 -9.646972,2 0 -9.646972,2 0 -9.646972,2 0 -9.646972,2 0 -9.646972,2 0 -9.646972,2 0 -9.646972,2 0 -9.646972,2 0 -9.646972,2 0 -9.646972,2 0 -9.646972,2 0 -9.646972,2 0 -9.646972,2 0 -9.646972,2 0 -9.646972,2.110,
2 0 -9.125352,2 0 -9.125352,2 0 -9.125352,2 0 -9.125352,2 0 -9.125352,2 0 -9.125352,2 0 -9.125352,2 0 -9.125352,2 0 -9.125352,2 0 -9.125352,2 0 -9.125352,2 0 -9.125352,2 0 -9.125352,2 0 -9.125352,2 0 -9.125352,2 0 -9.125352,2 0 -9.125352,2 0 -9.125352,2 0 -9.125352,2 0 -9.125352,2 0 -9.125352,2 0 -9.646972,2 0 -9.646972,2 0 -9.646972,2 0 -9.646972,2 0 -9.646972,2 0 -9.646972,2 0 -9.646972,2 0 -9.646972,2 0 -9.646972,2 0 -9.646972,2 0 -9.646972,2 0 -9.646972,2 0 -9.646972,2 0 -9.646972,2 0 -9.646972,2 0 -9.646972,2 0 -9.646972,2 0 -9.646972,2 0 -9.646972,2 0 -9.646972,2 0 -9.646972,2.210,
2 0 -9.125352,2 0 -9.125352,2 0 -9.125352,2 0 -9.125352,2 0 -9.125352,2 0 -9.125352,2 0 -9.125352,2 0 -9.125352,2 0 -9.125352,2 0 -9.125352,2 0 -9.125352,2 0 -9.125352,2 0 -9.125352,2 0 -9.125352,2 0 -9.125352,2 0 -9.125352,2 0 -9.125352,2 0 -9.125352,2 0 -9.125352,2 0 -9.125352,2 0 -9.125352,2 0 -9.646972,2 0 -9.646972,2 0 -9.646972,2 0 -9.646972,2 0 -9.646972,2 0 -9.646972,2 0 -9.646972,2 0 -9.646972,2 0 -9.646972,2 0 -9.646972,2 0 -9.646972,2 0 -9.646972,2 0 -9.646972,2 0 -9.646972,2 0 -9.646972,2 0 -9.646972,2 0 -9.646972,2 0 -9.646972,2 0 -9.646972,2 0 -9.646972,2 0 -9.646972,2.310,
2 0 -9.125352,2 0 -9.125352,2 0 -9.125352,2 0 -9.125352,2 0 -9.125352,2 0 -9.125352,2 0 -9.125352,2 0 -9.125352,2 0 -9.125352,2 0 -9.125352,2 0 -9.125352,2 0 -9.125352,2 0 -9.125352,2 0 -9.125352,2 0 -9.125352,2 0 -9.125352,2 0 -9.125352,2 0 -9.125352,2 0 -9.125352,2 0 -9.125352,2 0 -9.125352,2 0 -9.646972,2 0 -9.646972,2 0 -9.646972,2 0 -9.646972,2 0 -9.646972,2 0 -9.646972,2 0 -9.646972,2 0 -9.646972,2 0 -9.646972,2 0 -9.646972,2 0 -9.646972,2 0 -9.646972,2 0 -9.646972,2 0 -9.646972,2 0 -9.646972,2 0 -9.646972,2 0 -9.646972,2 0 -9.646972,2 0 -9.646972,2 0 -9.646972,2 0 -9.646972,2.410,
2 0 -9.125352,2 0 -9.125352,2 0 -9.125352,2 0 -9.125352,2 0 -9.125352,2 0 -9.125352,2 0 -9.125352,2 0 -9.125352,2 0 -9.125352,2 0 -9.125352,2 0 -9.125352,2 0 -9.125352,2 0 -9.125352,2 0 -9.125352,2 0 -9.125352,2 0 -9.125352,2 0 -9.125352,2 0 -9.125352,2 0 -9.125352,2 0 -9.125352,2 0 -9.125352,2 0 -9.646972,2 0 -9.646972,2 0 -9.646972,2 0 -9.646972,2 0 -9.646972,2 0 -9.646972,2 0 -9.646972,2 0 -9.646972,2 0 -9.646972,2 0 -9.646972,2 0 -9.646972,2 0 -9.646972,2 0 -9.646972,2 0 -9.646972,2 0 -9.646972,2 0 -9.646972,2 0 -9.646972,2 0 -9.646972,2 0 -9.646972,2 0 -9.646972,2 0 -9.646972,2.510,
2 0 -9.125352,2 0 -9.125352,2 0 -9.125352,2 0 -9.125352,2 0 -9.125352,2 0 -9.125352,2 0 -9.125352,2 0 -9.125352,2 0 -9.125352,2 0 -9.125352,2 0 -9.125352,2 0 -9.125352,2 0 -9.125352,2 0 -9.125352,2 0 -9.125352,2 0 -9.125352,2 0 -9.125352,2 0 -9.125352,2 0 -9.125352,2 0 -9.125352,2 0 -9.125352,2 0 -9.646972,2 0 -9.646972,2 0 -9.646972,2 0 -9.646972,2 0 -9.646972,2 0 -9.646972,2 0 -9.646972,2 0 -9.646972,2 0 -9.646972,2 0 -9.646972,2 0 -9.646972,2 0 -9.646972,2 0 -9.646972,2 0 -9.646972,2 0 -9.646972,2 0 -9.646972,2 0 -9.646972,2 0 -9.646972,2 0 -9.646972,2 0 -9.646972,2 0 -9.646972,2.610,
2 0 -9.125352,2 0 -9.125352,2 0 -9.125352,2 0 -9.125352,2 0 -9.125352,2 0 -9.125352,2 0 -9.125352,2 0 -9.125352,2 0 -9.125352,2 0 -9.125352,2 0 -9.125352,2 0 -9.125352,2 0 -9.125352,2 0 -9.125352,2 0 -9.125352,2 0 -9.125352,2 0 -9.125352,2 0 -9.125352,2 0 -9.125352,2 0 -9.125352,2 0 -9.125352,2 0 -9.646972,2 0 -9.646972,2 0 -9.646972,2 0 -9.646972,2 0 -9.646972,2 0 -9.646972,2 0 -9.646972,2 0 -9.646972,2 0 -9.646972,2 0 -9.646972,2 0 -9.646972,2 0 -9.646972,2 0 -9.646972,2 0 -9.646972,2 0 -9.646972,2 0 -9.646972,2 0 -9.646972,2 0 -9.646972,2 0 -9.646972,2 0 -9.646972,2 0 -9.646972,2.710,
2 0 -9.125352,2 0 -9.125352,2 0 -9.125352,2 0 -9.125352,2 0 -9.125352,2 0 -9.125352,2 0 -9.125352,2 0 -9.125352,2 0 -9.125352,2 0 -9.125352,2 0 -9.125352,2 0 -9.125352,2 0 -9.125352,2 0 -9.125352,2 0 -9.125352,2 0 -9.125352,2 0 -9.125352,2 0 -9.125352,2 0 -9.125352,2 0 -9.125352,2 0 -9.125352,2 0 -9.646972,2 0 -9.646972,2 0 -9.646972,2 0 -9.646972,2 0 -9.646972,2 0 -9.646972,2 0 -9.646972,2 0 -9.646972,2 0 -9.646972,2 0 -9.646972,2 0 -9.646972,2 0 -9.646972,2 0 -9.646972,2 0 -9.646972,2 0 -9.646972,2 0 -9.646972,2 0 -9.646972,2 0 -9.646972,2 0 -9.646972,2 0 -9.646972,2 0 -9.646972,2.810,
2 0 -9.125352,2 0 -9.125352,2 0 -9.125352,2 0 -9.125352,2 0 -9.125352,2 0 -9.125352,2 0 -9.125352,2 0 -9.125352,2 0 -9.125352,2 0 -9.125352,2 0 -9.125352,2 0 -9.125352,2 0 -9.125352,2 0 -9.125352,2 0 -9.125352,2 0 -9.125352,2 0 -9.125352,2 0 -9.125352,2 0 -9.125352,2 0 -9.125352,2 0 -9.125352,2 0 -9.646972,2 0 -9.646972,2 0 -9.646972,2 0 -9.646972,2 0 -9.646972,2 0 -9.646972,2 0 -9.646972,2 0 -9.646972,2 0 -9.646972,2 0 -9.646972,2 0 -9.646972,2 0 -9.646972,2 0 -9.646972,2 0 -9.646972,2 0 -9.646972,2 0 -9.646972,2 0 -9.646972,2 0 -9.646972,2 0 -9.646972,2 0 -9.646972,2 0 -9.646972,2.910,
2 0 -9.125352,2 0 -9.125352,2 0 -9.125352,2 0 -9.125352,2 0 -9.125352,2 0 -9.125352,2 0 -9.125352,2 0 -9.125352,2 0 -9.125352,2 0 -9.125352,2 0 -9.125352,2 0 -9.125352,2 0 -9.125352,2 0 -9.125352,2 0 -9.125352,2 0 -9.125352,2 0 -9.125352,2 0 -9.125352,2 0 -9.125352,2 0 -9.125352,2 0 -9.125352,2 0 -9.646972,2 0 -9.646972,2 0 -9.646972,2 0 -9.646972,2 0 -9.646972,2 0 -9.646972,2 0 -9.646972,2 0 -9.646972,2 0 -9.646972,2 0 -9.646972,2 0 -9.646972,2 0 -9.646972,2 0 -9.646972,2 0 -9.646972,2 0 -9.646972,2 0 -9.646972,2 0 -9.646972,2 0 -9.646972,2 0 -9.646972,2 0 -9.646972,2 0 -9.646972,3.010,
2 0 -9.125352,2 0 -9.125352,2 0 -9.125352,2 0 -9.125352,2 0 -9.125352,2 0 -9.125352,2 0 -9.125352,2 0 -9.125352,2 0 -9.125352,2 0 -9.125352,2 0 -9.125352,2 0 -9.125352,2 0 -9.125352,2 0 -9.125352,2 0 -9.125352,2 0 -9.125352,2 0 -9.125352,2 0 -9.125352,2 0 -9.125352,2 0 -9.125352,2 0 -9.125352,2 0 -9.646972,2 0 -9.646972,2 0 -9.646972,2 0 -9.646972,2 0 -9.646972,2 0 -9.646972,2 0 -9.646972,2 0 -9.646972,2 0 -9.646972,2 0 -9.646972,2 0 -9.646972,2 0 -9.646972,2 0 -9.646972,2 0 -9.646972,2 0 -9.646972,2 0 -9.646972,2 0 -9.646972,2 0 -9.646972,2 0 -9.646972,2 0 -9.646972,2 0 -9.646972,3.110,
2 0 -9.125352,2 0 -9.125352,2 0 -9.125352,2 0 -9.125352,2 0 -9.125352,2 0 -9.125352,2 0 -9.125352,2 0 -9.125352,2 0 -9.125352,2 0 -9.125352,2 0 -9.125352,2 0 -9.125352,2 0 -9.125352,2 0 -9.125352,2 0 -9.125352,2 0 -9.125352,2 0 -9.125352,2 0 -9.125352,2 0 -9.125352,2 0 -9.125352,2 0 -9.125352,2 0 -9.646972,2 0 -9.646972,2 0 -9.646972,2 0 -9.646972,2 0 -9.646972,2 0 -9.646972,2 0 -9.646972,2 0 -9.646972,2 0 -9.646972,2 0 -9.646972,2 0 -9.646972,2 0 -9.646972,2 0 -9.646972,2 0 -9.646972,2 0 -9.646972,2 0 -9.646972,2 0 -9.646972,2 0 -9.646972,2 0 -9.646972,2 0 -9.646972,2 0 -9.646972,3.210,
2 0 -9.125352,2 0 -9.125352,2 0 -9.125352,2 0 -9.125352,2 0 -9.125352,2 0 -9.125352,2 0 -9.125352,2 0 -9.125352,2 0 -9.125352,2 0 -9.125352,2 0 -9.125352,2 0 -9.125352,2 0 -9.125352,2 0 -9.125352,2 0 -9.125352,2 0 -9.125352,2 0 -9.125352,2 0 -9.125352,2 0 -9.125352,2 0 -9.125352,2 0 -9.125352,2 0 -9.646972,2 0 -9.646972,2 0 -9.646972,2 0 -9.646972,2 0 -9.646972,2 0 -9.646972,2 0 -9.646972,2 0 -9.646972,2 0 -9.646972,2 0 -9.646972,2 0 -9.646972,2 0 -9.646972,2 0 -9.646972,2 0 -9.646972,2 0 -9.646972,2 0 -9.646972,2 0 -9.646972,2 0 -9.646972,2 0 -9.646972,2 0 -9.646972,2 0 -9.646972,3.310,
2 0 -9.125352,2 0 -9.125352,2 0 -9.125352,2 0 -9.125352,2 0 -9.125352,2 0 -9.125352,2 0 -9.125352,2 0 -9.125352,2 0 -9.125352,2 0 -9.125352,2 0 -9.125352,2 0 -9.125352,2 0 -9.125352,2 0 -9.125352,2 0 -9.125352,2 0 -9.125352,2 0 -9.125352,2 0 -9.125352,2 0 -9.125352,2 0 -9.125352,2 0 -9.125352,2 0 -9.646972,2 0 -9.646972,2 0 -9.646972,2 0 -9.646972,2 0 -9.646972,2 0 -9.646972,2 0 -9.646972,2 0 -9.646972,2 0 -9.646972,2 0 -9.646972,2 0 -9.646972,2 0 -9.646972,2 0 -9.646972,2 0 -9.646972,2 0 -9.646972,2 0 -9.646972,2 0 -9.646972,2 0 -9.646972,2 0 -9.646972,2 0 -9.646972,2 0 -9.646972,3.410,
