2,0,-8.778825;2,0,-8.778825;2,0,-8.778825;2,0,-8.778825;2,0,-8.778825;2,0,-8.778825;2,0,-8.778825;2,0,-8.778825;2,0,-8.778825;2,0,-8.778825;2,0,-8.778825;2,0,-8.778825;2,0,-8.778825;2,0,-8.778825;2,0,-8.778825;2,0,-8.778825;2,0,-8.778825;2,0,-8.778825;2,0,-8.778825;2,0,-8.778825;2,0,-8.778825;2,0,-9.487517;2,0,-9.487517;2,0,-9.487517;2,0,-9.487517;2,0,-9.487517;2,0,-9.487517;2,0,-9.487517;2,0,-9.487517;2,0,-9.487517;2,0,-9.487517;2,0,-9.487517;2,0,-9.487517;2,0,-9.487517;2,0,-9.487517;2,0,-9.487517;2,0,-9.487517;2,0,-9.487517;2,0,-9.487517;2,0,-9.487517;2,0,-9.487517;2,0,-9.487517; 0.003
-1.734517,-6.920373,1.441985;-2.380148,-6.734432,1.835122;-2.961696,-6.175716,2.038576;-3.409616,-5.637046,2.218232;-3.755795,-5.35827,2.412684;-2.527383,-4.318193,1.756873;-2.779154,-3.200492,1.958974;-2.899695,-2.487379,2.142195;-2.973995,-1.828281,2.323833;-2.15878,-4.047735,1.750126;-2.310945,-2.730993,1.938774;-2.3924,-1.90977,2.177201;-2.438596,-1.238451,2.371643;-1.788308,-4.056619,1.801877;-1.854246,-2.805853,2.004495;-1.924162,-2.023463,2.220554;-1.988791,-1.376484,2.408066;-1.388082,-4.315954,1.886988;-1.213419,-3.359891,2.098145;-1.11037,-2.761769,2.268483;-1.027596,-2.21281,2.438859;-9.051826,-7.305398,0.3082822;-8.456104,-7.084984,0.5646547;-7.925704,-6.474892,0.760279;-7.536425,-5.93785,0.9904825;-7.169887,-5.73847,1.252746;-8.230031,-4.82168,0.6062583;-7.979027,-3.846001,0.8027933;-7.868711,-3.222334,0.9902409;-7.785597,-2.661402,1.132767;-8.566646,-4.576442,0.6955614;-8.35915,-3.39485,0.8472783;-8.243926,-2.664939,1.080191;-8.161896,-2.027076,1.257067;-8.903292,-4.588094,0.8093156;-8.783768,-3.47233,0.9870322;-8.701309,-2.777231,1.169133;-8.617924,-2.154766,1.295044;-9.259109,-4.808473,0.9542124;-9.372115,-3.94357,1.160101;-9.422213,-3.374774,1.297947;-9.435969,-2.818504,1.398555; 0.531
-1.742148,-6.881877,1.308378;-2.380403,-6.708272,1.69046;-2.960296,-6.163808,1.894999;-3.406769,-5.619127,2.075086;-3.756346,-5.322668,2.272318;-2.524789,-4.312648,1.628165;-2.773889,-3.160278,1.815477;-2.88641,-2.434168,1.998622;-2.945026,-1.769044,2.184912;-2.159688,-4.047458,1.620602;-2.299212,-2.702315,1.804526;-2.36902,-1.872753,2.049576;-2.401143,-1.198425,2.253522;-1.791311,-4.055473,1.663786;-1.847842,-2.786359,1.851318;-1.912914,-2.000939,2.066694;-1.969957,-1.349303,2.263451;-1.395565,-4.30982,1.740154;-1.209711,-3.354945,1.946155;-1.103448,-2.76592,2.117649;-1.017426,-2.22239,2.292027;-9.046148,-7.29379,0.265216;-8.452724,-7.084703,0.5420054;-7.917906,-6.480272,0.7342526;-7.528023,-5.941152,0.9593219;-7.169887,-5.73847,1.209711;-8.230031,-4.82168,0.5632232;-7.979027,-3.846001,0.7597582;-7.868711,-3.222334,0.9472058;-7.785597,-2.661402,1.089732;-8.566646,-4.576442,0.6525264;-8.35915,-3.39485,0.8042433;-8.243926,-2.664939,1.037156;-8.161896,-2.027076,1.214032;-8.903292,-4.588094,0.7662805;-8.783768,-3.47233,0.9439972;-8.701309,-2.777231,1.126098;-8.617924,-2.154766,1.252009;-9.259109,-4.808473,0.9111774;-9.372115,-3.94357,1.117066;-9.422213,-3.374774,1.254912;-9.435969,-2.818504,1.35552; 0.600
-1.783688,-6.873538,1.366512;-2.42057,-6.689033,1.79181;-2.99746,-6.127254,2.021086;-3.429809,-5.578178,2.224448;-3.767345,-5.252847,2.440947;-2.550887,-4.274649,1.705079;-2.776803,-3.146196,1.927438;-2.878464,-2.425577,2.14003;-2.930277,-1.764581,2.343318;-2.177765,-4.020618,1.69381;-2.299244,-2.687056,1.891891;-2.362194,-1.850649,2.159662;-2.390613,-1.172443,2.379216;-1.807651,-4.048284,1.743209;-1.848464,-2.792907,1.950093;-1.904715,-2.002186,2.180936;-1.955215,-1.353362,2.385963;-1.412338,-4.320876,1.828664;-1.230297,-3.376098,2.041316;-1.130249,-2.793024,2.211299;-1.051761,-2.261245,2.383229;-9.087096,-6.896677,0.1889543;-8.490081,-6.669376,0.481809;-7.966632,-6.075517,0.7023509;-7.578346,-5.531113,0.9463696;-7.233386,-5.263924,1.223061;-8.299116,-4.428186,0.5619954;-8.060553,-3.417191,0.8044321;-7.947341,-2.789356,1.006145;-7.84537,-2.222149,1.150008;-8.641062,-4.196949,0.5830933;-8.451233,-3.000934,0.7548249;-8.338877,-2.252271,0.9886917;-8.246407,-1.597941,1.177181;-8.986043,-4.214611,0.678504;-8.865985,-3.086932,0.8585557;-8.775262,-2.386565,1.028328;-8.682765,-1.776185,1.149518;-9.353605,-4.437269,0.8083677;-9.456844,-3.571355,1.010697;-9.505323,-2.991794,1.144285;-9.521678,-2.430701,1.235349; 1.584
-1.780207,-6.872197,1.409242;-2.407554,-6.670949,1.819818;-2.97672,-6.066629,2.047926;-3.38699,-5.474954,2.250804;-3.704479,-5.117499,2.47349;-2.57014,-4.257606,1.777368;-2.801246,-3.116056,1.997635;-2.902399,-2.406297,2.19169;-2.95865,-1.753782,2.377298;-2.195477,-4.01456,1.775186;-2.311224,-2.667159,1.984738;-2.365303,-1.819309,2.239742;-2.38863,-1.124232,2.444397;-1.825083,-4.049129,1.83261;-1.856118,-2.782863,2.042632;-1.900116,-1.985847,2.269409;-1.939137,-1.322963,2.472303;-1.431218,-4.327739,1.922072;-1.250606,-3.36621,2.135749;-1.146581,-2.751995,2.32173;-1.061369,-2.192279,2.49407;-9.170961,-6.771043,0.3144502;-8.546347,-6.518196,0.5885589;-8.027635,-5.90927,0.8246681;-7.65501,-5.335613,1.084937;-7.308253,-5.021997,1.381067;-8.380921,-4.272244,0.650131;-8.146475,-3.248983,0.9062695;-8.032713,-2.618951,1.124962;-7.93745,-2.055051,1.273665;-8.741621,-4.036338,0.7381208;-8.5701,-2.802025,0.9442644;-8.460023,-2.047171,1.198523;-8.371796,-1.392461,1.395469;-9.099555,-4.059959,0.8518153;-8.999395,-2.885051,1.040637;-8.911011,-2.182806,1.225674;-8.820963,-1.573669,1.352722;-9.478397,-4.28314,0.9946744;-9.580856,-3.37431,1.207269;-9.619123,-2.760624,1.355783;-9.624725,-2.171292,1.460199; 1.858
-1.772461,-6.914883,1.689418;-2.403058,-6.615295,2.088849;-2.968391,-5.987713,2.322931;-3.340582,-5.316852,2.555365;-3.633348,-4.845015,2.786621;-2.596316,-4.201117,1.951814;-2.828678,-3.102985,2.166306;-2.943772,-2.429518,2.336289;-3.032865,-1.813605,2.48736;-2.21962,-3.968784,1.944415;-2.340803,-2.687805,2.125673;-2.41828,-1.884157,2.341598;-2.477028,-1.218219,2.52704;-1.854819,-4.001508,2.013961;-1.892214,-2.82083,2.179637;-1.948979,-2.085133,2.376809;-2.015896,-1.475612,2.540124;-1.47457,-4.26756,2.121215;-1.352509,-3.364511,2.289441;-1.299004,-2.797797,2.457222;-1.274622,-2.2866,2.598622;-9.206645,-6.597098,0.1859083;-8.573837,-6.358497,0.4951182;-8.06203,-5.764535,0.769585;-7.70537,-5.151529,1.066327;-7.380208,-4.76114,1.397194;-8.4382,-4.089157,0.5637146;-8.208323,-3.033319,0.8378844;-8.092941,-2.383825,1.078604;-7.995692,-1.80865,1.243299;-8.767118,-3.902899,0.61685;-8.59828,-2.687021,0.8017861;-8.483478,-1.913326,1.046823;-8.394548,-1.255638,1.234733;-9.122773,-3.927796,0.7214247;-9.029511,-2.757308,0.9027719;-8.939082,-2.051685,1.079283;-8.848189,-1.450714,1.197634;-9.496319,-4.153818,0.8567969;-9.613613,-3.235717,1.05926;-9.657187,-2.616022,1.200542;-9.665059,-2.025829,1.289659; 2.064
-1.823709,-6.886957,1.621181;-2.46853,-6.607957,1.916787;-3.036921,-5.964915,2.093164;-3.441193,-5.314475,2.287318;-3.766897,-4.873306,2.477834;-2.603786,-4.167423,1.737817;-2.8221,-3.074327,1.891341;-2.946452,-2.415653,2.030559;-3.049089,-1.812096,2.159793;-2.224804,-3.946819,1.772881;-2.338591,-2.687722,1.924821;-2.435841,-1.895648,2.111188;-2.512283,-1.267308,2.265045;-1.867134,-3.980462,1.876423;-1.900907,-2.82332,2.028669;-1.990799,-2.092094,2.19389;-2.082084,-1.510888,2.318933;-1.50264,-4.226856,2.014962;-1.391136,-3.344875,2.158115;-1.375907,-2.773044,2.293467;-1.389306,-2.257394,2.407423;-9.248911,-6.466558,0.3684525;-8.596002,-6.256733,0.6830766;-8.080412,-5.632317,0.9460509;-7.736641,-4.992265,1.229712;-7.417654,-4.569969,1.535377;-8.473697,-3.960326,0.7107809;-8.239725,-2.889223,0.9784115;-8.11811,-2.240645,1.228978;-8.018313,-1.673443,1.395752;-8.845631,-3.71121,0.7860833;-8.697067,-2.432498,0.9725869;-8.580408,-1.634118,1.245571;-8.489926,-0.9724364,1.451579;-9.209981,-3.73874,0.8927076;-9.125274,-2.522027,1.07167;-9.023342,-1.788932,1.275843;-8.923749,-1.176787,1.419308;-9.587619,-3.971323,1.034142;-9.672281,-3.069704,1.31471;-9.720759,-2.436206,1.482922;-9.735569,-1.840924,1.584987; 2.200
-1.875489,-6.873725,1.780557;-2.534107,-6.570086,1.971209;-3.101658,-5.899415,2.08048;-3.488763,-5.232593,2.243591;-3.768804,-4.691687,2.406686;-2.651522,-4.134281,1.601951;-2.869364,-3.149233,1.68542;-3.020796,-2.592666,1.768701;-3.171476,-2.118234,1.839377;-2.293887,-3.887527,1.68719;-2.426563,-2.719337,1.745719;-2.579013,-2.022022,1.866129;-2.728394,-1.483753,1.961644;-1.952285,-3.897773,1.846737;-1.998006,-2.777664,1.917595;-2.1261,-2.119682,2.032254;-2.275167,-1.616457,2.110828;-1.603963,-4.11947,2.044061;-1.535708,-3.223201,2.11268;-1.566276,-2.640279,2.211142;-1.64313,-2.150119,2.288084;-9.342114,-6.391563,0.3033326;-8.677446,-6.136835,0.5872265;-8.163372,-5.48246,0.8400871;-7.837929,-4.788804,1.13273;-7.551671,-4.251268,1.445236;-8.540861,-3.791466,0.4685481;-8.325113,-2.730022,0.6740083;-8.195827,-2.089612,0.9055777;-8.089376,-1.539073,1.061106;-8.86634,-3.663677,0.699147;-8.715306,-2.395212,0.8716578;-8.590652,-1.59664,1.145477;-8.491824,-0.9306264,1.352516;-9.234549,-3.690283,0.8147536;-9.148989,-2.475886,0.9850731;-9.040664,-1.738731,1.192958;-8.935637,-1.123595,1.346756;-9.615354,-3.923729,0.9650428;-9.711889,-2.963294,1.159505;-9.731747,-2.321212,1.314533;-9.717773,-1.713512,1.417485; 2.339
-2.130921,-6.642045,1.479182;-2.756801,-6.284696,1.465165;-3.261566,-5.613733,1.527557;-3.617241,-5.060993,1.690062;-3.837336,-4.542308,1.854786;-2.744682,-3.835812,1.197001;-2.893058,-2.79781,1.340704;-3.14518,-2.343137,1.593337;-3.452716,-2.131428,1.763346;-2.451434,-3.729002,1.461599;-2.544225,-2.530814,1.67176;-2.876711,-2.027096,2.03861;-3.231566,-1.935895,2.36594;-2.162724,-3.859042,1.764428;-2.202557,-2.692637,1.995626;-2.51541,-2.2532,2.35423;-2.862112,-2.18925,2.61741;-1.874871,-4.157178,2.080976;-1.889851,-3.205681,2.343069;-2.116509,-2.839224,2.590576;-2.41657,-2.776731,2.812504;-9.2243,-6.320259,0.587041;-8.574426,-5.966543,0.7095432;-8.096942,-5.256205,0.8716319;-7.818146,-4.533609,1.08496;-7.54987,-3.983402,1.304815;-8.510642,-3.659772,0.6029469;-8.307582,-2.631156,0.7996215;-8.144889,-2.055705,1.02236;-7.989064,-1.541633,1.171456;-8.819801,-3.476848,0.7771945;-8.631958,-2.313479,0.9376266;-8.449757,-1.612355,1.191302;-8.343153,-0.9855523,1.333378;-9.175211,-3.570847,0.9908779;-9.053297,-2.388674,1.1479;-8.90309,-1.683719,1.364532;-8.739586,-1.113657,1.52092;-9.517897,-3.830605,1.223113;-9.554261,-2.868824,1.430893;-9.513079,-2.245847,1.605309;-9.429579,-1.649914,1.717231; 2.766
-2.151423,-6.548782,1.332295;-2.77174,-6.235595,1.21535;-3.275322,-5.555017,1.2419;-3.617923,-5.018178,1.392711;-3.80128,-4.472366,1.540678;-2.76724,-3.77358,0.9183301;-2.886448,-2.694839,1.054192;-3.155843,-2.265666,1.320719;-3.47118,-2.179929,1.509051;-2.490028,-3.681922,1.227184;-2.540785,-2.413557,1.455115;-2.905507,-1.974761,1.844453;-3.259157,-2.107358,2.159144;-2.220428,-3.814435,1.580012;-2.258404,-2.567923,1.814459;-2.625985,-2.219348,2.172032;-2.985367,-2.375796,2.427775;-1.956923,-4.103372,1.927512;-2.030612,-3.103884,2.172122;-2.313811,-2.786759,2.423264;-2.645445,-2.838202,2.654135;-9.185835,-6.271942,0.5299917;-8.567863,-5.936814,0.5702525;-8.108536,-5.209882,0.6903529;-7.832053,-4.532033,0.8789957;-7.560486,-4.011123,1.086476;-8.503237,-3.606639,0.4672619;-8.307346,-2.60642,0.6612982;-8.135544,-2.051549,0.8957587;-7.967444,-1.570202,1.068924;-8.791632,-3.441932,0.6936566;-8.60862,-2.297103,0.8636886;-8.410784,-1.620918,1.137826;-8.22718,-1.062277,1.329113;-9.084409,-3.523797,0.9618777;-8.966395,-2.393987,1.135773;-8.789154,-1.749425,1.374417;-8.599337,-1.243078,1.557776;-9.395123,-3.809331,1.239224;-9.394965,-2.901514,1.47579;-9.307955,-2.334011,1.667053;-9.177741,-1.800442,1.80205; 2.834
-2.193218,-6.534526,1.39972;-2.812218,-6.156166,1.218339;-3.278124,-5.479862,1.235201;-3.603514,-4.94178,1.393477;-3.780323,-4.378841,1.555767;-2.756786,-3.697552,0.9932792;-2.882513,-2.60327,1.142093;-3.163982,-2.220785,1.431535;-3.465151,-2.223763,1.638048;-2.487634,-3.641858,1.351661;-2.556003,-2.327128,1.620959;-2.946828,-1.928859,2.044353;-3.29037,-2.173363,2.39078;-2.234182,-3.815772,1.740059;-2.266739,-2.558069,2.014474;-2.666486,-2.206549,2.381693;-3.029199,-2.402496,2.64186;-2.001614,-4.142086,2.119453;-2.082055,-3.169693,2.401233;-2.379531,-2.824351,2.664492;-2.710517,-2.83438,2.904643;-9.138466,-6.22204,0.335393;-8.53973,-5.897447,0.2070381;-8.120529,-5.127349,0.2236954;-7.852904,-4.470939,0.3568064;-7.563945,-3.942314,0.5302645;-8.514211,-3.535672,-0.008045316;-8.320512,-2.55183,0.1087979;-8.13573,-1.98913,0.3140123;-7.967444,-1.570202,0.8744096;-8.791632,-3.441932,0.499142;-8.60862,-2.297103,0.669174;-8.410784,-1.620918,0.9433118;-8.22718,-1.062277,1.134598;-9.084409,-3.523797,0.7673631;-8.966395,-2.393987,0.9412588;-8.789154,-1.749425,1.179902;-8.599337,-1.243078,1.363261;-9.395123,-3.809331,1.04471;-9.394965,-2.901514,1.281276;-9.307955,-2.334011,1.472538;-9.177741,-1.800442,1.607536; 2.901
-2.180221,-6.544599,1.510559;-2.828296,-6.15962,1.178403;-3.270309,-5.409784,1.098299;-3.57732,-4.837964,1.183362;-3.749701,-4.270158,1.273833;-2.769857,-3.691389,0.8797902;-2.870759,-2.606849,0.9783257;-3.168542,-2.226668,1.226675;-3.483359,-2.271946,1.398118;-2.517756,-3.632822,1.28962;-2.593067,-2.311155,1.46253;-3.014262,-1.924955,1.830859;-3.375828,-2.184103,2.133524;-2.292552,-3.794045,1.717616;-2.337671,-2.519302,1.927745;-2.770684,-2.189172,2.249162;-3.144386,-2.397376,2.468315;-2.101874,-4.095665,2.128813;-2.217055,-3.110587,2.344591;-2.529772,-2.733638,2.564973;-2.862432,-2.67925,2.775009;-9.139831,-6.257272,0.6254129;-8.537778,-5.894031,0.4193988;-8.130374,-5.103364,0.3709971;-7.847928,-4.442858,0.44842;-7.555309,-3.900557,0.5686427;-8.518737,-3.548367,0.09652644;-8.301338,-2.609622,0.1670016;-8.101274,-2.057159,0.3525705;-7.911483,-1.64263,0.5077602;-8.763123,-3.399835,0.4217552;-8.565757,-2.268985,0.4868134;-8.335015,-1.605718,0.7246352;-8.114112,-1.132642,0.9101897;-9.011168,-3.474317,0.7777741;-8.883123,-2.327198,0.910755;-8.65288,-1.745198,1.128864;-8.417008,-1.39608,1.298065;-9.27857,-3.733892,1.137567;-9.248131,-2.76752,1.352355;-9.101439,-2.230028,1.531417;-8.90894,-1.813189,1.675995; 2.969
-2.281652,-6.443185,1.320887;-2.9208,-5.977251,0.6195082;-3.27133,-5.176483,0.4120167;-3.571582,-4.608404,0.427503;-3.735726,-4.054091,0.4665127;-2.646969,-3.595505,0.514956;-2.793507,-2.451395,0.5580229;-3.195068,-2.189529,0.6550679;-3.52891,-2.389789,0.7206068;-2.452335,-3.575366,1.052891;-2.698796,-2.196995,1.132576;-3.248053,-2.011872,1.291267;-3.592017,-2.434392,1.364474;-2.319617,-3.747989,1.575975;-2.589383,-2.423316,1.687366;-3.144981,-2.31261,1.796464;-3.50762,-2.736743,1.836487;-2.300043,-4.047168,2.061541;-2.605072,-3.04397,2.122121;-3.020512,-2.884839,2.153015;-3.349227,-3.109994,2.162013;-9.12915,-6.365571,0.6596005;-8.504834,-5.889505,0.2428852;-8.150537,-4.992631,0.1380271;-7.87674,-4.353837,0.2071232;-7.590055,-3.791661,0.3166642;-8.666592,-3.543282,0.01332903;-8.411179,-2.607307,0.08749741;-8.106086,-2.073344,0.2493412;-7.791669,-1.766607,0.3945933;-8.845907,-3.486999,0.4632836;-8.590856,-2.375856,0.5893973;-8.205376,-1.918094,0.8070771;-7.836157,-1.741981,0.9869105;-9.000882,-3.597108,0.9294889;-8.792048,-2.407608,1.080823;-8.419832,-1.917955,1.223176;-8.06713,-1.767178,1.318209;-9.14039,-3.858702,1.384124;-8.983654,-2.87642,1.520164;-8.742117,-2.336702,1.577016;-8.451174,-1.964631,1.655309; 3.179
-2.285482,-6.421196,1.049619;-2.933264,-5.895143,0.2100954;-3.242819,-5.066248,-0.03008389;-3.546636,-4.49772,-0.02936208;-3.699977,-3.970136,-0.01921368;-2.499983,-3.610719,0.2476947;-2.701817,-2.396203,0.2926403;-3.169689,-2.16944,0.3452242;-3.526474,-2.446367,0.3685181;-2.331207,-3.621459,0.8421594;-2.689676,-2.175119,0.9189194;-3.291337,-2.006143,0.9941518;-3.647682,-2.424776,0.996184;-2.25642,-3.829281,1.41179;-2.649155,-2.407184,1.526656;-3.236901,-2.351809,1.578647;-3.598927,-2.786701,1.562248;-2.330361,-4.147457,1.914438;-2.695655,-3.069021,1.967072;-3.120789,-2.934333,1.945794;-3.427865,-3.205408,1.879393;-9.159813,-6.403308,0.8021137;-8.498876,-5.906709,0.2631409;-8.158018,-4.955492,0.09000081;-7.880531,-4.306697,0.09759855;-7.568597,-3.782296,0.1610838;-8.788698,-3.622776,0.2059896;-8.509862,-2.594897,0.310145;-8.147084,-2.064334,0.4600525;-7.791669,-1.766607,0.536742;-8.845907,-3.486999,0.6054323;-8.590856,-2.375856,0.7315459;-8.205376,-1.918094,0.9492257;-7.836157,-1.741981,1.129059;-9.000882,-3.597108,1.071638;-8.792048,-2.407608,1.222972;-8.419832,-1.917955,1.365325;-8.06713,-1.767178,1.460357;-9.14039,-3.858702,1.526273;-8.983654,-2.87642,1.662313;-8.742117,-2.336702,1.719165;-8.451174,-1.964631,1.797457; 3.247
-2.268341,-6.345197,1.049839;-2.808269,-5.524673,0.03072917;-3.012898,-4.630189,-0.2747403;-3.257273,-4.117749,-0.3103762;-3.524023,-3.68491,-0.3036933;-2.322964,-3.446925,0.2619025;-2.756825,-2.28802,0.2346642;-3.261473,-2.170114,0.1723826;-3.553699,-2.40791,0.1536855;-2.318557,-3.541697,0.9038271;-2.846369,-2.157404,0.9638935;-3.426699,-2.167758,0.8130357;-3.722281,-2.5045,0.6265264;-2.441364,-3.787205,1.489505;-3.00272,-2.442999,1.53062;-3.569256,-2.506189,1.312422;-3.838039,-2.867151,1.117079;-2.693209,-4.089221,2.008657;-3.171268,-3.078329,2.007307;-3.567884,-3.007118,1.858985;-3.778486,-3.274127,1.700889;-9.041276,-6.021221,-0.01417187;-8.489543,-5.24715,-0.8498357;-8.249141,-4.281228,-1.077602;-7.969028,-3.690814,-1.055997;-7.685287,-3.141511,-0.9648128;-8.991668,-3.214699,-0.5460705;-8.515658,-2.064102,-0.54798;-8.009121,-1.726647,-0.5984026;-7.624149,-1.656532,-0.6353744;-9.042014,-3.314774,0.005687933;-8.444344,-1.915029,0.03950434;-7.876351,-1.620353,-0.05475051;-7.496086,-1.6772,-0.1447949;-8.924208,-3.595782,0.5147064;-8.365971,-2.239896,0.5161185;-7.837689,-1.976389,0.4518789;-7.457365,-2.017861,0.413667;-8.676641,-3.961006,0.9688731;-8.223709,-3.01408,0.9003757;-8.172832,-2.694874,1.079252;-7.879406,-2.561332,1.094899; 3.601
-2.414021,-6.190692,0.4937199;-2.652868,-5.018947,-0.4425763;-2.783338,-4.128013,-0.7270716;-2.981047,-3.613446,-0.8063275;-3.23452,-3.144384,-0.8428116;-2.421441,-3.305604,0.1799409;-2.847768,-2.177491,0.1712058;-3.312351,-2.212172,-0.03952849;-3.519521,-2.529094,-0.2201803;-2.508585,-3.553753,0.7270322;-2.988407,-2.214256,0.7826489;-3.531404,-2.384212,0.5001699;-3.741728,-2.76682,0.2044781;-2.709382,-3.896671,1.196079;-3.209677,-2.664083,1.233984;-3.68977,-2.822752,0.9062138;-3.873386,-3.216196,0.6100086;-2.977842,-4.261599,1.589742;-3.425289,-3.324633,1.52747;-3.743139,-3.348812,1.27274;-3.883757,-3.653126,1.011436;-9.052606,-6.203317,0.3696471;-9.020325,-5.057989,-0.677267;-8.881511,-4.216466,-1.097732;-8.686996,-3.637514,-1.286349;-8.444331,-3.240147,-1.443859;-8.916737,-3.313546,-0.276112;-8.411638,-2.108475,-0.3361357;-7.909434,-2.069726,-0.4896019;-7.625978,-2.371296,-0.6190192;-8.836618,-3.396394,0.2919938;-8.150754,-1.962779,0.293956;-7.587744,-2.077464,0.08331186;-7.34747,-2.572776,-0.1477622;-8.671002,-3.700484,0.7639354;-7.973284,-2.453517,0.7630255;-7.463249,-2.561059,0.589846;-7.238079,-2.957031,0.3890248;-8.439344,-4.161279,1.157572;-7.835375,-3.290065,1.057185;-7.465955,-3.24344,0.8540476;-7.27553,-3.420278,0.6486782; 3.886
-2.519609,-6.174479,0.1753776;-2.656883,-5.035299,-0.7822419;-2.770023,-4.177179,-1.052837;-2.955509,-3.673082,-1.129685;-3.155548,-3.342579,-1.203997;-2.401615,-3.387928,-0.2006166;-3.03059,-2.343,-0.3675605;-3.406927,-2.647438,-0.6963072;-3.466181,-3.054836,-0.9300976;-2.498862,-3.620452,0.3155961;-3.204831,-2.400515,0.1930973;-3.586536,-2.889085,-0.2237196;-3.595032,-3.362602,-0.5643679;-2.718179,-3.914071,0.7699382;-3.391157,-2.718199,0.6126956;-3.736858,-3.205583,0.1621069;-3.729671,-3.705998,-0.1573918;-3.00589,-4.217256,1.133288;-3.560282,-3.324762,0.9133976;-3.795773,-3.581203,0.5794971;-3.785725,-3.974607,0.3249804;-9.006028,-6.302932,0.7484351;-8.920915,-5.102633,-0.3246316;-8.772708,-4.236795,-0.7707782;-8.642699,-3.515537,-0.8417459;-8.395402,-3.141662,-0.9691554;-8.861979,-3.264522,0.1732124;-8.275958,-2.100846,0.1590832;-7.750912,-2.282669,-0.0004708767;-7.511752,-2.714368,-0.1495937;-8.815659,-3.38475,0.7475699;-8.057616,-2.021577,0.7873486;-7.491318,-2.287914,0.6064042;-7.315421,-2.882243,0.386763;-8.674125,-3.715817,1.226694;-7.953793,-2.485084,1.227048;-7.426679,-2.702062,1.055348;-7.253407,-3.195672,0.8464788;-8.459558,-4.193374,1.635372;-7.828355,-3.317043,1.536416;-7.454926,-3.316379,1.339036;-7.306934,-3.558854,1.131835; 4.026
-2.520329,-6.135044,0.369036;-2.658193,-5.116235,-0.6295367;-2.782954,-4.295171,-0.8821471;-2.962811,-3.838474,-0.9208333;-3.161983,-3.594827,-0.9584692;-2.414363,-3.31903,-0.09113047;-3.090756,-2.417602,-0.3304972;-3.410439,-2.789574,-0.6462742;-3.434252,-3.196548,-0.8576577;-2.514355,-3.522678,0.4383388;-3.300526,-2.486549,0.2000774;-3.592196,-3.085218,-0.1983995;-3.537342,-3.56348,-0.4885755;-2.726112,-3.815943,0.9013491;-3.481998,-2.763612,0.6117809;-3.724153,-3.387258,0.1812603;-3.634764,-3.866203,-0.06124407;-3.000276,-4.135496,1.274946;-3.610511,-3.35316,0.9511613;-3.763826,-3.773143,0.6034596;-3.661484,-4.187697,0.3919508;-8.987516,-6.271906,0.850512;-8.948395,-5.082277,-0.3279768;-8.80787,-4.23439,-0.831736;-8.62773,-3.699708,-1.090162;-8.362804,-3.492622,-1.299434;-8.755457,-3.259405,-0.03552657;-8.165555,-2.283906,-0.3258991;-7.749901,-2.716629,-0.5902237;-7.642222,-3.241397,-0.750711;-8.671185,-3.353541,0.5235314;-7.922501,-2.225561,0.2372997;-7.49815,-2.797679,-0.01506871;-7.468777,-3.432257,-0.1978641;-8.511668,-3.651672,0.9719679;-7.794702,-2.63109,0.7359896;-7.414659,-3.165465,0.4907421;-7.398306,-3.781219,0.2911996;-8.305663,-4.111766,1.344215;-7.686117,-3.364881,1.140929;-7.405588,-3.661667,0.9040374;-7.391786,-4.121412,0.6772348; 4.101
-2.543942,-6.115947,0.3739563;-2.718642,-5.136817,-0.6321142;-2.837475,-4.334451,-0.8772818;-3.020962,-3.889511,-0.9056751;-3.220007,-3.651216,-0.9481255;-2.449641,-3.308703,-0.09177896;-3.143986,-2.486251,-0.3939131;-3.413473,-2.906388,-0.7569999;-3.396564,-3.315796,-0.9727418;-2.551383,-3.50225,0.4457574;-3.361279,-2.556544,0.1545921;-3.5765,-3.223331,-0.2648095;-3.465244,-3.689101,-0.5369966;-2.759719,-3.779292,0.9159501;-3.540273,-2.840117,0.5658156;-3.711515,-3.543647,0.1381449;-3.568513,-4.0009,-0.06270328;-3.021477,-4.087631,1.300655;-3.650496,-3.400856,0.9264207;-3.752653,-3.92522,0.581337;-3.601615,-4.345811,0.4034973;-8.991043,-6.335745,1.072678;-8.955846,-5.196325,-0.1162096;-8.801943,-4.348383,-0.6163841;-8.614816,-3.825076,-0.8662474;-8.354641,-3.63553,-1.079907;-8.780162,-3.355873,0.1639159;-8.204274,-2.367961,-0.1257499;-7.803294,-2.780558,-0.3889329;-7.703102,-3.280594,-0.5486689;-8.671185,-3.353541,0.7456693;-7.922501,-2.225561,0.4594377;-7.49815,-2.797679,0.2070692;-7.468777,-3.432257,0.02427387;-8.511668,-3.651672,1.194106;-7.794702,-2.63109,0.9581275;-7.414659,-3.165465,0.71288;-7.398306,-3.781219,0.5133375;-8.305663,-4.111766,1.566353;-7.686117,-3.364881,1.363067;-7.405588,-3.661667,1.126175;-7.391786,-4.121412,0.8993728; 4.172
-2.554657,-6.315065,1.02569;-2.647119,-5.286342,-0.02681649;-2.716496,-4.450875,-0.2534903;-2.861619,-3.975292,-0.2768328;-3.02659,-3.810647,-0.3276706;-2.44476,-3.348348,0.555864;-3.257851,-2.810407,0.1135213;-3.363676,-3.377129,-0.2449807;-3.226532,-3.714904,-0.3965287;-2.545082,-3.515072,1.098699;-3.472467,-2.951908,0.6114055;-3.515119,-3.6278,0.2281691;-3.326632,-3.918554,0.09736127;-2.751518,-3.804345,1.547252;-3.626989,-3.243394,0.9759207;-3.609221,-3.95138,0.5758939;-3.389053,-4.231929,0.5192541;-2.993762,-4.147932,1.923993;-3.705958,-3.835662,1.363859;-3.662506,-4.407293,1.019151;-3.426161,-4.655416,0.9226978;-8.931113,-6.390808,0.8060821;-8.456606,-5.391286,-0.2103308;-8.239729,-4.418409,-0.5458199;-7.874015,-3.816898,-0.5301834;-7.533287,-3.368121,-0.4687593;-8.67446,-3.375,-0.05606622;-7.959811,-2.645054,-0.4455037;-7.738093,-3.231736,-0.7405112;-7.801333,-3.653999,-0.8882124;-8.634542,-3.476253,0.5468226;-7.784876,-2.665613,0.08891809;-7.625059,-3.384433,-0.1298246;-7.782258,-3.848762,-0.1944096;-8.48949,-3.767657,1.073283;-7.662007,-2.981351,0.6309022;-7.573635,-3.707963,0.4166374;-7.766538,-4.199449,0.3812467;-8.266105,-4.185536,1.538702;-7.597005,-3.642109,1.059738;-7.566149,-4.140638,0.7718484;-7.750331,-4.548711,0.6465595; 4.540
-2.502735,-6.41817,1.464652;-2.571834,-5.317591,0.424794;-2.649113,-4.458021,0.20259;-2.812808,-3.970901,0.1598544;-2.983387,-3.848398,0.1029016;-2.4763,-3.350879,1.049121;-3.318789,-2.961353,0.5648378;-3.35877,-3.510591,0.1849917;-3.169593,-3.778746,0.01667225;-2.580906,-3.494805,1.572409;-3.535818,-3.142922,1.039851;-3.540839,-3.744181,0.6675429;-3.335959,-3.975095,0.5727533;-2.785364,-3.802624,1.991644;-3.678129,-3.462212,1.361941;-3.636791,-4.103597,0.9791235;-3.403724,-4.313211,0.9556519;-3.016165,-4.191612,2.346603;-3.742349,-4.02724,1.759626;-3.677299,-4.554265,1.431527;-3.42646,-4.749363,1.369129;-8.855997,-6.322546,0.8753329;-8.312557,-5.389757,-0.02087373;-7.934464,-4.426895,-0.1117315;-7.564074,-3.808432,0.05430132;-7.280828,-3.458107,0.2535967;-8.50189,-3.231832,0.3379731;-7.71129,-2.78649,0.08354801;-7.593238,-3.421139,-0.1900944;-7.745398,-3.743709,-0.3548636;-8.520765,-3.380819,0.8932489;-7.588215,-2.989613,0.5438921;-7.54044,-3.678413,0.296384;-7.763051,-3.959561,0.2221799;-8.421373,-3.732723,1.399659;-7.548082,-3.290042,1.005729;-7.545127,-3.986949,0.7618754;-7.770291,-4.307427,0.740809;-8.233492,-4.194091,1.848349;-7.547929,-3.902541,1.446789;-7.562968,-4.381352,1.21105;-7.765835,-4.608578,1.009706; 4.686
-2.523157,-6.450643,1.622298;-2.663184,-5.355825,0.6127211;-2.74306,-4.471543,0.4240932;-2.887561,-3.970335,0.4127629;-3.035597,-3.839771,0.3802209;-2.494534,-3.334458,1.234492;-3.361995,-2.993858,0.7674305;-3.390446,-3.562816,0.3879519;-3.188042,-3.813932,0.2201196;-2.574268,-3.483023,1.764128;-3.561481,-3.191368,1.273242;-3.556141,-3.815012,0.9117809;-3.338489,-4.024898,0.8081332;-2.763706,-3.807305,2.200053;-3.686713,-3.532453,1.61036;-3.63205,-4.178731,1.21943;-3.391108,-4.361226,1.183092;-2.990337,-4.21563,2.57408;-3.740807,-4.092763,2.010448;-3.656958,-4.628316,1.688076;-3.393093,-4.798017,1.622903;-8.854759,-6.360318,0.8279975;-8.334805,-5.449516,-0.03818709;-7.937269,-4.484979,-0.0974977;-7.542536,-3.856463,0.09037369;-7.285496,-3.509698,0.2981057;-8.502035,-3.272364,0.3714857;-7.678577,-2.886373,0.1273525;-7.583375,-3.49513,-0.1463674;-7.751444,-3.779042,-0.2937267;-8.509082,-3.434806,0.9205003;-7.560066,-3.131753,0.5702604;-7.551816,-3.76642,0.2877927;-7.788607,-4.010772,0.2056742;-8.406143,-3.789464,1.419853;-7.522629,-3.439678,1.000111;-7.558075,-4.095973,0.7320021;-7.7915,-4.385902,0.7198611;-8.218437,-4.249595,1.866191;-7.524431,-4.040697,1.436606;-7.563951,-4.505804,1.206692;-7.782104,-4.742399,1.17511; 4.754
-2.506976,-6.485053,1.862255;-2.665989,-5.396472,0.8731391;-2.751798,-4.505437,0.7156086;-2.897018,-3.988193,0.726046;-3.029165,-3.855217,0.7090542;-2.497512,-3.308964,1.525062;-3.386089,-3.047287,1.053305;-3.392625,-3.624127,0.6648943;-3.171887,-3.843177,0.4929527;-2.567908,-3.451738,2.054149;-3.580229,-3.245811,1.572893;-3.551989,-3.858574,1.215452;-3.324945,-4.046995,1.124359;-2.754286,-3.785635,2.491089;-3.706232,-3.603582,1.890706;-3.6277,-4.242445,1.511285;-3.377519,-4.394449,1.504285;-2.978245,-4.206753,2.866399;-3.759748,-4.164543,2.298911;-3.656145,-4.706616,1.997508;-3.376553,-4.856286,1.964954;-8.872064,-6.349315,1.067548;-8.354059,-5.449474,0.1775831;-7.94177,-4.496443,0.09418768;-7.537203,-3.90243,0.2597908;-7.275704,-3.565784,0.4343865;-8.481526,-3.202004,0.5343429;-7.65485,-2.95263,0.272442;-7.613341,-3.579751,0.02146566;-7.809028,-3.834121,-0.09875226;-8.487297,-3.358247,1.08087;-7.527869,-3.199661,0.6875991;-7.555964,-3.844808,0.4209923;-7.802704,-4.056034,0.3539605;-8.383762,-3.726213,1.578487;-7.487144,-3.49818,1.127762;-7.555408,-4.160529,0.8654256;-7.792283,-4.41118,0.8527514;-8.201613,-4.211923,2.03096;-7.494539,-4.10219,1.595797;-7.559354,-4.591616,1.372253;-7.782249,-4.79377,1.339251; 4.822
-2.51053,-6.499281,1.786727;-2.685653,-5.423687,0.8172036;-2.773683,-4.53609,0.657846;-2.915937,-4.013935,0.6585063;-3.035515,-3.857765,0.626224;-2.510976,-3.354071,1.447236;-3.403605,-3.092163,0.9615939;-3.393434,-3.660602,0.5741267;-3.164743,-3.870791,0.4036918;-2.575657,-3.486959,1.966935;-3.595215,-3.273498,1.491156;-3.55032,-3.88669,1.149251;-3.314626,-4.0687,1.076982;-2.755476,-3.81419,2.396075;-3.722722,-3.622818,1.80525;-3.626127,-4.260725,1.44505;-3.368755,-4.412038,1.456572;-2.968561,-4.226202,2.761215;-3.761785,-4.186214,2.207014;-3.643821,-4.732797,1.916107;-3.355173,-4.879569,1.889367;-8.845433,-6.326927,1.002865;-8.305305,-5.436191,0.1356877;-7.91604,-4.50332,0.0858568;-7.545834,-3.919141,0.2724086;-7.305142,-3.596808,0.4787193;-8.460708,-3.205199,0.527306;-7.641374,-3.013085,0.3014024;-7.621461,-3.636345,0.07068682;-7.824593,-3.873033,-0.03616142;-8.471957,-3.353794,1.072795;-7.520137,-3.290182,0.7155076;-7.568567,-3.91177,0.4611968;-7.817266,-4.088577,0.3980999;-8.374166,-3.718515,1.577585;-7.480888,-3.609087,1.152117;-7.571194,-4.238563,0.8929971;-7.812531,-4.453353,0.8829104;-8.200579,-4.204351,2.038963;-7.493543,-4.171815,1.59222;-7.580972,-4.645071,1.354276;-7.815076,-4.818187,1.323411; 4.889
-2.508403,-6.513328,2.021933;-2.819653,-5.484305,1.116688;-2.904351,-4.578472,0.997471;-3.016609,-4.033454,1.013425;-3.107464,-3.873083,0.9798325;-2.536462,-3.322579,1.732861;-3.435184,-3.168514,1.262066;-3.383698,-3.74648,0.8938307;-3.123517,-3.911843,0.7471468;-2.55221,-3.435936,2.242805;-3.60998,-3.318543,1.804244;-3.5258,-3.942643,1.491546;-3.262778,-4.101904,1.44632;-2.701884,-3.752308,2.676422;-3.723021,-3.668298,2.118187;-3.599043,-4.301203,1.783288;-3.324356,-4.427372,1.822942;-2.894191,-4.146369,3.050292;-3.739337,-4.187393,2.52373;-3.614706,-4.753877,2.256056;-3.31643,-4.889135,2.253823;-8.838827,-6.336704,1.033965;-8.305305,-5.436191,0.1667882;-7.91604,-4.50332,0.1169573;-7.545834,-3.919141,0.3035091;-7.305142,-3.596808,0.5098198;-8.460708,-3.205199,0.5584065;-7.641374,-3.013085,0.3325029;-7.621461,-3.636345,0.1017873;-7.824593,-3.873033,-0.005060911;-8.471957,-3.353794,1.103896;-7.520137,-3.290182,0.7466081;-7.568567,-3.91177,0.4922973;-7.817266,-4.088577,0.4292004;-8.374166,-3.718515,1.608686;-7.480888,-3.609087,1.183218;-7.571194,-4.238563,0.9240977;-7.812531,-4.453353,0.9140109;-8.200579,-4.204351,2.070064;-7.493543,-4.171815,1.62332;-7.580972,-4.645071,1.385377;-7.815076,-4.818187,1.354512; 4.960
-2.529458,-6.401069,1.513245;-2.944495,-5.482489,0.7202105;-3.050897,-4.618964,0.6503474;-3.178871,-4.082603,0.6928867;-3.273474,-3.88229,0.6758201;-2.515715,-3.37142,1.330405;-3.389674,-3.1798,0.9165939;-3.35067,-3.746017,0.6047553;-3.098969,-3.90097,0.5020167;-2.511287,-3.474469,1.795564;-3.544781,-3.283563,1.38212;-3.474753,-3.90304,1.108858;-3.208309,-4.068935,1.093856;-2.648277,-3.773175,2.180648;-3.646555,-3.619651,1.651206;-3.545932,-4.24607,1.371159;-3.274084,-4.393151,1.43167;-2.823088,-4.14318,2.517859;-3.658606,-4.130953,2.016695;-3.564679,-4.695465,1.770276;-3.280371,-4.859735,1.768872;-8.774913,-6.167051,0.3937353;-8.178346,-5.424178,-0.3549768;-7.825518,-4.528074,-0.3828065;-7.499044,-3.94327,-0.2039471;-7.309352,-3.592932,-0.02750859;-8.418195,-3.171695,-0.02292851;-7.610159,-3.079066,-0.1724868;-7.576377,-3.736003,-0.5358009;-7.759871,-3.973958,-0.622188;-8.429256,-3.365692,0.4555862;-7.478344,-3.390749,0.1073144;-7.541417,-4.010949,-0.1591372;-7.787457,-4.181781,-0.2304758;-8.33328,-3.721793,0.9383671;-7.430115,-3.736261,0.5171769;-7.549644,-4.374351,0.2695573;-7.802051,-4.555568,0.2708177;-8.168408,-4.198696,1.373348;-7.446733,-4.28424,0.9224612;-7.571642,-4.790625,0.686908;-7.820755,-4.943881,0.6722031; 5.178
-2.552448,-6.339151,1.032328;-3.048178,-5.5895,0.3004234;-3.267471,-4.69429,0.2855979;-3.500196,-4.091835,0.3919768;-3.665426,-3.845937,0.4314412;-2.520697,-3.465951,0.8939528;-3.39469,-3.182014,0.5404031;-3.381821,-3.770224,0.2366871;-3.138031,-3.964649,0.1291461;-2.481515,-3.554548,1.343529;-3.504122,-3.221121,0.9924156;-3.467226,-3.864788,0.6988067;-3.19523,-4.071141,0.6282586;-2.595599,-3.813556,1.720006;-3.573915,-3.452629,1.259774;-3.51335,-4.119084,0.9434945;-3.234041,-4.353258,0.922907;-2.76597,-4.158061,2.051576;-3.579508,-3.949804,1.622984;-3.535137,-4.51544,1.349576;-3.27253,-4.773817,1.28144;-8.735355,-6.135858,0.3649759;-8.170805,-5.413417,-0.3736487;-7.81695,-4.505866,-0.3972236;-7.464471,-3.934194,-0.2032775;-7.269488,-3.579324,-0.01596835;-8.437002,-3.193269,-0.0432452;-7.628622,-3.038597,-0.161973;-7.586243,-3.684818,-0.3355514;-7.778825,-3.901657,-0.4261482;-8.46997,-3.334681,0.4521156;-7.505105,-3.279188,0.2084949;-7.540834,-3.932388,-0.04200166;-7.807804,-4.165114,-0.1255019;-8.368659,-3.676816,0.8987665;-7.45316,-3.721199,0.5723624;-7.555772,-4.374872,0.3266589;-7.795625,-4.538375,0.2910641;-8.190895,-4.161684,1.320219;-7.474792,-4.252741,0.9442679;-7.57215,-4.744843,0.738445;-7.802767,-4.87583,0.7076588; 5.248
-2.519986,-6.226493,0.8335333;-2.993284,-5.564565,0.1043676;-3.265809,-4.731664,0.09578902;-3.56575,-4.166186,0.206639;-3.7549,-3.880697,0.267295;-2.561972,-3.417209,0.6062675;-3.419701,-3.127518,0.2804399;-3.40379,-3.739755,0.02840865;-3.14762,-3.95821,-0.06387091;-2.543225,-3.488726,1.045441;-3.504805,-3.10159,0.7076918;-3.473873,-3.76992,0.4469451;-3.201817,-3.997596,0.3929576;-2.659494,-3.741236,1.413319;-3.589741,-3.360288,0.977896;-3.534059,-4.02472,0.688814;-3.261831,-4.271745,0.6599166;-2.81987,-4.079082,1.733379;-3.599213,-3.856805,1.310394;-3.567614,-4.411205,1.03447;-3.314878,-4.681798,0.9584053;-8.724081,-6.076585,0.1549613;-8.131449,-5.406281,-0.6095658;-7.816669,-4.507256,-0.6748139;-7.517459,-3.936181,-0.5162925;-7.301626,-3.559216,-0.3639666;-8.423132,-3.171164,-0.3233741;-7.62801,-3.018066,-0.4325731;-7.556396,-3.662391,-0.5710875;-7.738245,-3.91509,-0.6429131;-8.47373,-3.311512,0.189462;-7.505105,-3.279188,-0.001650125;-7.540834,-3.932388,-0.2521467;-7.784074,-4.103582,-0.3620546;-8.378016,-3.68987,0.702998;-7.455156,-3.59585,0.3658188;-7.532885,-4.270899,0.1044673;-7.775539,-4.481362,0.06678281;-8.186268,-4.155744,1.126899;-7.475594,-4.157859,0.7492465;-7.54438,-4.644714,0.5288125;-7.765042,-4.814556,0.4887221; 5.321
-2.57205,-5.966556,-1.152204;-3.05895,-5.766248,-1.578816;-3.402897,-5.059121,-1.701997;-3.72961,-4.502508,-1.731685;-3.958759,-3.935991,-1.737721;-2.641997,-3.907194,-1.331347;-3.234072,-2.920808,-1.458022;-3.651157,-3.171742,-1.722782;-3.763433,-3.586851,-1.92995;-2.536644,-3.788795,-1.104435;-3.228579,-2.69828,-1.171997;-3.655704,-2.996801,-1.426162;-3.720325,-3.454229,-1.6694;-2.532951,-3.809784,-0.9063714;-3.193407,-2.769057,-0.8728946;-3.625799,-3.046508,-1.07798;-3.73061,-3.508811,-1.282668;-2.645942,-3.937419,-0.763629;-3.177711,-3.053881,-0.7533211;-3.533756,-3.202444,-0.8889365;-3.677448,-3.616311,-1.061264;-8.577108,-5.671215,-1.265185;-8.01665,-5.222137,-2.004315;-7.823599,-4.443097,-2.111289;-7.640698,-4.012577,-1.978459;-7.512856,-3.783885,-1.818161;-8.373944,-3.240707,-1.785663;-7.757256,-2.595772,-1.783061;-7.412405,-3.112789,-1.883299;-7.384743,-3.622687,-1.96171;-8.459826,-3.325109,-1.285982;-7.664947,-2.582919,-1.266558;-7.32812,-3.275161,-1.372132;-7.363577,-3.872578,-1.453715;-8.418217,-3.572759,-0.8155326;-7.613033,-2.802823,-0.8450811;-7.340404,-3.515815,-1.006431;-7.40369,-4.109849,-1.083465;-8.269041,-3.912579,-0.3897133;-7.606837,-3.439735,-0.5648119;-7.424251,-3.926109,-0.757116;-7.50244,-4.36804,-0.8538457; 5.669
-2.545176,-5.981132,-1.271555;-3.07552,-5.820781,-1.645762;-3.390653,-5.131835,-1.756534;-3.679749,-4.61079,-1.784334;-3.949184,-4.08061,-1.814092;-2.665312,-3.983329,-1.381029;-3.19978,-2.955803,-1.46801;-3.652855,-3.115,-1.715945;-3.810724,-3.487703,-1.913019;-2.555633,-3.838998,-1.171765;-3.174961,-2.695424,-1.175256;-3.644199,-2.866292,-1.414198;-3.776157,-3.23543,-1.653444;-2.547022,-3.857351,-0.9861667;-3.141539,-2.745405,-0.8900602;-3.605623,-2.943684,-1.08359;-3.772748,-3.376872,-1.288319;-2.646949,-3.994207,-0.8552624;-3.12962,-3.089685,-0.8012899;-3.501869,-3.184134,-0.915258;-3.692758,-3.567813,-1.079294;-8.560025,-5.620157,-1.446724;-7.964865,-5.292093,-2.018378;-7.730232,-4.536006,-2.09556;-7.640698,-4.012577,-2.159761;-7.512856,-3.783885,-1.999464;-8.373944,-3.240707,-1.966966;-7.757256,-2.595772,-1.964363;-7.412405,-3.112789,-2.064602;-7.384743,-3.622687,-2.143013;-8.459826,-3.325109,-1.467284;-7.664947,-2.582919,-1.44786;-7.32812,-3.275161,-1.553435;-7.363577,-3.872578,-1.635017;-8.418217,-3.572759,-0.9968351;-7.613033,-2.802823,-1.026384;-7.340404,-3.515815,-1.187734;-7.40369,-4.109849,-1.264768;-8.269041,-3.912579,-0.5710159;-7.606837,-3.439735,-0.7461145;-7.424251,-3.926109,-0.9384185;-7.50244,-4.36804,-1.035148; 5.735
-2.56036,-5.977205,-1.144369;-3.116768,-5.791149,-1.534067;-3.437321,-5.081084,-1.559704;-3.738099,-4.589669,-1.43808;-4.059643,-4.119667,-1.29428;-2.660942,-3.865321,-1.351006;-3.118834,-2.811966,-1.273743;-3.620783,-2.75307,-1.328915;-3.902264,-3.007864,-1.404006;-2.536244,-3.799327,-1.03282;-3.093814,-2.583044,-0.8567329;-3.638364,-2.625886,-0.9344271;-3.879005,-3.027991,-1.11451;-2.516057,-3.911391,-0.7167284;-3.050907,-2.660245,-0.4982845;-3.588219,-2.756163,-0.5293049;-3.868046,-3.189113,-0.6480337;-2.633055,-4.143344,-0.4510073;-3.089127,-3.178635,-0.3008628;-3.466484,-3.164606,-0.2949804;-3.699482,-3.510867,-0.3741545;-8.54823,-5.599168,-1.432193;-7.964865,-5.292093,-2.00384;-7.730232,-4.536006,-2.081022;-7.488019,-4.104146,-1.947925;-7.300588,-3.768771,-1.779927;-8.36129,-3.251609,-1.873791;-7.769045,-2.582771,-1.774004;-7.38558,-2.946914,-1.780921;-7.287786,-3.447781,-1.830004;-8.454074,-3.299647,-1.444163;-7.711532,-2.476583,-1.357424;-7.302251,-2.984163,-1.398138;-7.237171,-3.560481,-1.435469;-8.425042,-3.525135,-1.022949;-7.690888,-2.625949,-0.9216075;-7.303704,-3.146176,-1.008494;-7.225572,-3.726842,-1.068151;-8.286566,-3.86346,-0.6334891;-7.681281,-3.316807,-0.6964076;-7.413568,-3.732155,-0.866703;-7.384244,-4.202672,-0.9485753; 5.802
-2.529295,-6.110869,-0.1895803;-3.108514,-5.865561,-0.7060723;-3.468392,-5.158599,-0.8207257;-3.798807,-4.714317,-0.7111609;-4.084797,-4.219009,-0.5662777;-2.837839,-3.718328,-0.8240162;-3.111963,-2.739548,-0.6539141;-3.54781,-2.662032,-0.4856413;-3.820619,-2.970204,-0.3984411;-2.679845,-3.668809,-0.3759353;-3.049397,-2.494792,-0.1198455;-3.573246,-2.555655,0.007900164;-3.831781,-2.996238,-0.03538646;-2.559875,-3.82676,0.09061816;-2.904339,-2.582979,0.3802229;-3.446815,-2.69596,0.5143104;-3.75591,-3.161607,0.5085518;-2.533698,-4.134098,0.5134082;-2.872805,-3.190321,0.7135829;-3.264572,-3.110416,0.8404411;-3.535918,-3.356159,0.8950787;-8.532181,-5.627243,-1.582906;-7.968183,-5.420908,-2.165041;-7.702209,-4.728993,-2.300287;-7.435817,-4.302534,-2.23169;-7.173924,-3.827331,-2.094247;-8.202256,-3.344419,-2.228887;-7.825274,-2.462047,-2.0293;-7.414929,-2.420935,-1.873808;-7.206051,-3.133943,-1.887908;-8.43143,-3.373662,-1.690716;-7.885964,-2.338855,-1.589747;-7.37632,-2.524278,-1.559777;-7.161263,-3.001611,-1.567255;-8.453839,-3.56176,-1.270096;-7.904726,-2.49702,-1.118664;-7.402178,-2.723249,-1.117487;-7.157598,-3.191709,-1.139232;-8.337309,-3.89701,-0.8886762;-7.825905,-3.185644,-0.8546984;-7.456637,-3.369071,-0.927348;-7.263702,-3.772329,-0.9573337; 5.942
-2.465477,-6.410968,0.7769444;-3.056427,-6.111565,0.5025458;-3.513005,-5.406057,0.4678084;-3.860554,-4.904035,0.5768483;-4.146682,-4.385894,0.7160648;-3.065035,-3.76078,0.3229274;-3.240858,-2.735879,0.5340635;-3.56703,-2.376635,0.8272722;-3.898554,-2.435669,1.013039;-2.830015,-3.706165,0.7140982;-2.966632,-2.41882,0.9979594;-3.422549,-2.10066,1.396721;-3.804592,-2.421751,1.684415;-2.615252,-3.866422,1.129141;-2.72017,-2.594511,1.425115;-3.196325,-2.367498,1.73301;-3.582186,-2.684674,1.934248;-2.429774,-4.16916,1.52394;-2.590272,-3.16747,1.824751;-2.947263,-2.888279,2.073581;-3.299999,-3.00893,2.28635;-8.520583,-5.693874,-0.9737775;-7.970826,-5.529008,-1.444292;-7.655703,-4.80672,-1.562166;-7.413561,-4.395393,-1.503808;-7.145161,-3.935331,-1.377881;-8.15732,-3.289086,-1.423498;-7.981853,-2.220411,-1.247056;-7.579321,-1.984891,-1.072058;-7.231298,-2.169981,-0.9539898;-8.342524,-3.268284,-1.015334;-8.087654,-2.080785,-0.8415986;-7.559872,-1.896595,-0.6544824;-7.183837,-2.260881,-0.7373733;-8.435062,-3.507097,-0.7038692;-8.151856,-2.350336,-0.5352229;-7.644904,-2.257475,-0.3788005;-7.274022,-2.581939,-0.3037146;-8.463423,-3.893739,-0.3148503;-8.1722,-3.066638,-0.1868151;-7.797638,-2.922291,-0.09386599;-7.490749,-3.084276,-0.03762889; 6.147
-2.444483,-6.505863,1.078586;-3.074995,-6.166065,0.8109168;-3.547385,-5.447227,0.7759446;-3.904182,-4.938623,0.8856401;-4.227114,-4.423666,1.029101;-3.074049,-3.766782,0.5830802;-3.255648,-2.742088,0.7410108;-3.561569,-2.320389,1.018202;-3.888424,-2.261209,1.218944;-2.832683,-3.718441,0.9761385;-2.958119,-2.431025,1.234376;-3.389805,-2.063922,1.631041;-3.770359,-2.277568,1.938241;-2.608574,-3.883492,1.393471;-2.69699,-2.615865,1.673551;-3.147305,-2.351537,2.004956;-3.525551,-2.58852,2.229623;-2.41151,-4.197137,1.796097;-2.541891,-3.208857,2.099554;-2.872736,-2.885078,2.36498;-3.210668,-2.912064,2.596486;-8.615859,-5.738298,-0.7888489;-8.044565,-5.588011,-1.22529;-7.689165,-4.88567,-1.322116;-7.411671,-4.493509,-1.246845;-7.116416,-4.073352,-1.078501;-8.13503,-3.308263,-1.170396;-7.976165,-2.221955,-0.9722968;-7.579321,-1.984891,-0.8867002;-7.231298,-2.169981,-0.7686318;-8.342524,-3.268284,-0.8299761;-8.087654,-2.080785,-0.6562406;-7.559872,-1.896595,-0.4691243;-7.168671,-2.184842,-0.3559217;-8.467823,-3.478726,-0.4095525;-8.216084,-2.282973,-0.2294497;-7.691113,-2.147169,-0.06288517;-7.296179,-2.470755,0.02453703;-8.490919,-3.863473,-0.03049588;-8.238023,-2.999576,0.09033322;-7.852403,-2.81177,0.1969705;-7.523927,-2.952581,0.260314; 6.217
-2.361589,-6.927176,2.173378;-3.043458,-6.552738,2.32017;-3.611101,-5.864307,2.445401;-4.045131,-5.280462,2.639754;-4.409388,-4.955495,2.837227;-3.112213,-4.032103,2.224878;-3.343759,-2.856596,2.450213;-3.532615,-2.141853,2.665674;-3.711857,-1.497283,2.847706;-2.769499,-3.836059,2.438188;-2.949757,-2.492586,2.779253;-3.14763,-1.642237,3.106677;-3.345986,-0.9426932,3.347226;-2.420061,-3.908226,2.704019;-2.515208,-2.658514,3.057309;-2.680015,-1.924239,3.348792;-2.880001,-1.350985,3.554456;-2.065975,-4.192297,2.998622;-2.042211,-3.227473,3.335732;-2.135612,-2.622198,3.579453;-2.305633,-2.094127,3.753322;-8.789331,-6.172081,0.9507911;-8.114763,-5.98432,0.9825619;-7.584093,-5.273857,1.118562;-7.169959,-4.717149,1.322556;-6.768249,-4.377933,1.559669;-7.98449,-3.450145,1.102032;-7.737547,-2.34714,1.368863;-7.526995,-1.71883,1.645326;-7.332541,-1.166964,1.854046;-8.299284,-3.265782,1.406126;-8.113433,-1.905841,1.703665;-7.901999,-1.016862,2.06624;-7.709214,-0.2162814,2.333417;-8.636392,-3.373757,1.734795;-8.509908,-2.08405,2.081284;-8.331567,-1.248053,2.414834;-8.155237,-0.5186458,2.65871;-8.995136,-3.740085,2.059392;-9.056606,-2.678272,2.484327;-9.025896,-1.96475,2.749136;-8.965989,-1.262443,2.927203; 6.781
-2.326471,-6.896839,2.093227;-3.00763,-6.577163,2.279163;-3.59553,-5.8968,2.408609;-4.052605,-5.323869,2.584041;-4.441689,-5.029914,2.766404;-3.102789,-4.025579,2.18903;-3.346361,-2.798153,2.379396;-3.517076,-2.056681,2.547755;-3.668155,-1.405997,2.688157;-2.742086,-3.828836,2.344821;-2.907971,-2.396993,2.62077;-3.062427,-1.512959,2.89142;-3.20438,-0.7849078,3.091185;-2.382818,-3.887094,2.557282;-2.468665,-2.565635,2.848716;-2.601346,-1.755858,3.080389;-2.740825,-1.097046,3.241402;-2.015462,-4.158253,2.796014;-1.938761,-3.149875,3.063181;-1.966959,-2.508139,3.245413;-2.037077,-1.911511,3.386221;-8.8357,-6.23829,1.309013;-8.141116,-6.039501,1.419472;-7.580414,-5.336973,1.605608;-7.157082,-4.763984,1.838008;-6.76316,-4.456753,2.098963;-7.983159,-3.427878,1.603114;-7.735422,-2.308234,1.903707;-7.541653,-1.665,2.19125;-7.371918,-1.082412,2.405564;-8.311119,-3.239319,1.804877;-8.141718,-1.854743,2.106517;-7.953235,-0.945538,2.4592;-7.774725,-0.1270795,2.720965;-8.658428,-3.345914,2.109606;-8.534483,-2.044237,2.449579;-8.370155,-1.1977,2.762504;-8.203899,-0.4459186,2.994917;-9.026236,-3.715657,2.412989;-9.08503,-2.66439,2.81505;-9.061481,-1.943734,3.058715;-9.011579,-1.224925,3.22944; 6.923
-2.241292,-6.86515,2.072083;-2.937051,-6.665201,2.383269;-3.567181,-6.059083,2.557453;-4.035835,-5.52308,2.719309;-4.407218,-5.217588,2.873081;-3.074118,-4.076749,2.349608;-3.329688,-2.850465,2.583392;-3.483438,-2.096246,2.789884;-3.602703,-1.417554,2.962836;-2.66659,-3.814153,2.420847;-2.811481,-2.352227,2.702513;-2.910567,-1.405239,2.995538;-2.987923,-0.6197782,3.218834;-2.267464,-3.813181,2.543403;-2.312019,-2.457371,2.827002;-2.372771,-1.596517,3.06945;-2.436807,-0.9022803,3.256701;-1.860814,-4.041751,2.689845;-1.704351,-2.967521,2.94554;-1.628008,-2.273464,3.130838;-1.585599,-1.623934,3.296214;-8.897454,-6.271133,1.521836;-8.194087,-6.024675,1.709241;-7.590714,-5.35813,1.931423;-7.136514,-4.797811,2.180673;-6.75076,-4.532156,2.467936;-7.995177,-3.459813,1.911123;-7.747742,-2.301924,2.216622;-7.571888,-1.625394,2.515497;-7.411126,-1.006042,2.738884;-8.35594,-3.231663,2.123513;-8.192254,-1.753982,2.432205;-8.020022,-0.7914891,2.8125;-7.854302,0.08713913,3.104899;-8.718691,-3.29975,2.3516;-8.630056,-1.942034,2.649515;-8.495642,-1.10989,2.920524;-8.339864,-0.3692298,3.117342;-9.089957,-3.610094,2.589482;-9.190223,-2.522397,2.92962;-9.192947,-1.791792,3.122272;-9.150771,-1.075548,3.247951; 7.193
-1.836236,-6.979782,2.729088;-2.470094,-6.764017,3.281617;-3.021394,-6.18243,3.595288;-3.4195,-5.585826,3.868143;-3.781165,-5.246246,4.175157;-2.65521,-4.035244,3.248479;-2.917926,-2.779031,3.516369;-3.046698,-1.975412,3.781796;-3.121202,-1.221357,4.041647;-2.250554,-3.752652,3.202569;-2.384262,-2.263382,3.447426;-2.448776,-1.323607,3.727648;-2.476128,-0.5598102,3.953434;-1.854303,-3.796491,3.226488;-1.876922,-2.40446,3.453419;-1.916225,-1.53948,3.718232;-1.947197,-0.8221536,3.949958;-1.439803,-4.115133,3.296671;-1.253622,-3.066592,3.546613;-1.143353,-2.402551,3.758122;-1.054748,-1.80629,3.958877;-9.083885,-6.182764,1.59426;-8.402475,-5.984828,1.949544;-7.795912,-5.400085,2.250332;-7.354713,-4.862957,2.57106;-6.975724,-4.608518,2.921378;-8.192031,-3.343074,1.973666;-7.944481,-2.216311,2.264874;-7.804332,-1.489014,2.557177;-7.683578,-0.8317809,2.775792;-8.600277,-3.08164,2.08223;-8.398409,-1.675879,2.119627;-8.272568,-0.7400289,2.405371;-8.175369,0.06101322,2.639315;-8.990521,-3.112955,2.095844;-8.863157,-1.83155,2.259525;-8.749071,-1.069778,2.440439;-8.630885,-0.4265909,2.561724;-9.410919,-3.388427,2.290575;-9.504892,-2.374829,2.476041;-9.512967,-1.690081,2.577436;-9.475953,-1.019639,2.646644; 7.870
-1.765935,-7.027626,2.840158;-2.402684,-6.777942,3.467541;-2.959633,-6.140365,3.801349;-3.340689,-5.47368,4.077065;-3.656984,-5.080017,4.371651;-2.567749,-4.040399,3.427694;-2.796967,-2.777817,3.716021;-2.904535,-1.971669,3.977843;-2.963801,-1.201273,4.220826;-2.159431,-3.76848,3.332619;-2.263432,-2.284614,3.587339;-2.313175,-1.365016,3.869869;-2.332564,-0.5821033,4.094613;-1.767233,-3.807353,3.317389;-1.762682,-2.442134,3.549808;-1.784322,-1.596134,3.824254;-1.80488,-0.8560586,4.05725;-1.360723,-4.123684,3.355446;-1.163317,-3.104457,3.593267;-1.040304,-2.480001,3.803957;-0.9363699,-1.902364,4.003382;-9.079103,-6.172815,1.52598;-8.392006,-5.972448,1.780764;-7.798807,-5.363128,2.023205;-7.367794,-4.803257,2.313057;-6.994234,-4.512182,2.635531;-8.211988,-3.319579,1.727302;-7.971347,-2.172098,1.965709;-7.832022,-1.444083,2.242158;-7.707956,-0.8089423,2.443869;-8.620694,-3.080448,1.88373;-8.447916,-1.633192,2.074197;-8.32752,-0.6655059,2.38377;-8.227409,0.1572642,2.63652;-9.024633,-3.124353,2.064663;-8.917045,-1.794742,2.239424;-8.816031,-1.008121,2.39197;-8.708333,-0.3357673,2.486339;-9.441123,-3.39598,2.287987;-9.506947,-2.394731,2.360841;-9.510294,-1.728645,2.445913;-9.473771,-1.087339,2.504283; 8.001
-1.8022,-6.920377,2.485334;-2.484784,-6.548606,2.77953;-3.074511,-5.785772,2.941594;-3.504848,-5.098924,3.119348;-3.829903,-4.673203,3.292162;-2.483201,-3.879207,2.570118;-2.664905,-2.675432,2.726891;-2.767103,-1.9577,2.884985;-2.85263,-1.314781,3.033783;-2.055791,-3.714984,2.61892;-2.127943,-2.361913,2.760829;-2.196055,-1.519504,2.965487;-2.255387,-0.8593249,3.132585;-1.657445,-3.806981,2.734055;-1.631621,-2.56943,2.896419;-1.668352,-1.787128,3.074195;-1.724175,-1.167735,3.204282;-1.261237,-4.134588,2.887114;-1.04736,-3.195592,3.045105;-0.9513469,-2.59424,3.170661;-0.8974905,-2.040152,3.301517;-9.100252,-6.303828,1.958931;-8.405756,-5.965682,2.167835;-7.849935,-5.196361,2.362093;-7.456874,-4.523385,2.612987;-7.099771,-4.116969,2.886523;-8.299051,-3.286175,2.101887;-8.08101,-2.164855,2.348574;-7.907028,-1.487098,2.637264;-7.743506,-0.8829131,2.85155;-8.685494,-3.076746,2.287919;-8.54811,-1.666761,2.486292;-8.384954,-0.7765908,2.794379;-8.228817,-0.02271414,3.020496;-9.062632,-3.143152,2.514257;-8.989568,-1.82273,2.716248;-8.858007,-0.9931998,2.935294;-8.706311,-0.2826419,3.084142;-9.441853,-3.45971,2.767057;-9.569464,-2.40003,3.010907;-9.578385,-1.660245,3.151573;-9.570084,-0.8869166,3.323516; 8.271
-1.849177,-6.984281,2.530624;-2.497937,-6.48487,2.75301;-3.025745,-5.621437,2.920094;-3.433193,-4.901929,3.136142;-3.808589,-4.407742,3.364379;-2.390275,-3.832392,2.562997;-2.483892,-2.647297,2.756321;-2.603833,-1.986746,2.947279;-2.768335,-1.431512,3.109925;-1.995413,-3.760871,2.701644;-2.010061,-2.482594,2.958705;-2.133642,-1.708339,3.238746;-2.304182,-1.154354,3.451997;-1.628304,-3.963899,2.905407;-1.565028,-2.777034,3.161321;-1.658474,-2.066821,3.41983;-1.820745,-1.550009,3.584883;-1.283754,-4.387015,3.151696;-1.10976,-3.483793,3.39104;-1.096239,-2.885562,3.584044;-1.155418,-2.345151,3.735174;-9.160635,-6.382011,2.057443;-8.454122,-5.911102,2.009541;-7.912876,-5.055793,2.083848;-7.526727,-4.379093,2.269687;-7.140722,-3.953873,2.474442;-8.402749,-3.247983,1.854189;-8.20962,-2.1325,1.993143;-8.007298,-1.51801,2.234622;-7.813746,-0.9792733,2.397173;-8.743031,-3.111189,2.140504;-8.656807,-1.774861,2.23204;-8.491633,-1.011873,2.49401;-8.325214,-0.3904991,2.659388;-9.072643,-3.217573,2.46947;-9.059886,-1.939115,2.610629;-8.926476,-1.165526,2.83661;-8.765469,-0.5240574,2.982064;-9.407085,-3.551239,2.805968;-9.526535,-2.48629,3.018184;-9.509212,-1.776474,3.175087;-9.442454,-1.097579,3.26318; 8.412
-1.879224,-6.964427,2.584297;-2.532513,-6.405163,2.742388;-3.022455,-5.507958,2.906881;-3.409739,-4.806657,3.148043;-3.76964,-4.264819,3.428171;-2.337834,-3.748977,2.599226;-2.419423,-2.611804,2.836087;-2.564448,-1.958304,3.090813;-2.766024,-1.408769,3.309496;-1.958122,-3.727911,2.827723;-1.929674,-2.498739,3.195238;-2.087362,-1.75624,3.578302;-2.311677,-1.272229,3.869248;-1.615408,-3.985308,3.109198;-1.513857,-2.842545,3.47149;-1.634953,-2.184984,3.881752;-1.844423,-1.772191,4.150389;-1.304811,-4.454488,3.418308;-1.1262,-3.582995,3.780078;-1.163168,-3.040376,4.088293;-1.303129,-2.626146,4.315671;-9.154726,-6.37025,2.01397;-8.463384,-5.867139,1.959907;-7.940695,-5.006045,2.050367;-7.547457,-4.359905,2.25054;-7.155741,-3.943087,2.466358;-8.430718,-3.252122,1.922244;-8.249158,-2.120629,2.118345;-8.036038,-1.522283,2.385616;-7.828234,-0.9953933,2.559841;-8.745206,-3.146729,2.235218;-8.656807,-1.774861,2.188614;-8.491633,-1.011873,2.450584;-8.325214,-0.3904991,2.615963;-9.072643,-3.217573,2.426044;-9.059886,-1.939115,2.567203;-8.926476,-1.165526,2.793185;-8.765469,-0.5240574,2.938638;-9.407085,-3.551239,2.762542;-9.526535,-2.48629,2.974758;-9.509212,-1.776474,3.131661;-9.442454,-1.097579,3.219755; 8.483
-2.283579,-7.018672,1.257323;-2.822673,-5.994287,0.3342102;-3.009845,-4.947168,0.0873903;-3.212988,-4.236457,0.05797553;-3.396805,-3.695212,0.08256102;-2.217343,-3.975519,0.8234832;-2.519053,-2.689379,0.8735589;-2.938887,-2.108867,0.8402501;-3.299589,-1.845398,0.8530905;-2.206858,-4.159193,1.452892;-2.590656,-2.565074,1.665371;-3.107622,-1.961461,1.665526;-3.530683,-1.684834,1.662969;-2.353314,-4.488576,2.022501;-2.725498,-2.959627,2.253582;-3.192124,-2.330845,2.211767;-3.560438,-2.01737,2.160827;-2.630984,-4.875362,2.503246;-2.921704,-3.739126,2.739077;-3.230219,-3.216413,2.794728;-3.480879,-2.901126,2.833245;-8.977441,-6.521239,1.221185;-8.338292,-5.738739,0.3812315;-8.075215,-4.771636,-0.08147776;-7.754438,-4.138967,-0.1835442;-7.389262,-3.665815,-0.1641066;-8.754463,-3.480953,0.5102748;-8.384958,-2.296743,0.4583549;-8.050641,-1.606188,0.3896276;-7.754116,-1.148651,0.3477874;-8.8783,-3.464676,1.130125;-8.434274,-2.073173,1.158809;-8.000464,-1.394857,1.056711;-7.637238,-0.9655843,1.000414;-8.905153,-3.611186,1.684763;-8.506518,-2.20294,1.791779;-8.120286,-1.521439,1.759299;-7.772511,-1.117411,1.747521;-8.820805,-3.875011,2.173627;-8.567919,-2.731898,2.289704;-8.362245,-2.072356,2.331326;-8.098695,-1.52728,2.38247; 9.020
-2.394519,-6.924947,0.9344386;-2.681249,-5.81921,-0.0807054;-2.790262,-4.846523,-0.3693649;-2.945415,-4.142532,-0.4480079;-3.167549,-3.617366,-0.4738387;-2.290598,-3.99105,0.6274099;-2.597053,-2.621791,0.6680449;-3.000107,-2.065723,0.5721582;-3.341131,-1.819924,0.492515;-2.344082,-4.166365,1.230709;-2.74239,-2.540437,1.438887;-3.233832,-1.944543,1.353078;-3.646963,-1.674417,1.251969;-2.54626,-4.51848,1.746517;-2.947253,-2.998595,1.931934;-3.386776,-2.381183,1.82742;-3.754786,-2.069238,1.740265;-2.849236,-4.948394,2.142589;-3.190621,-3.837041,2.354697;-3.495865,-3.286371,2.369813;-3.758508,-2.924497,2.363984;-8.931223,-6.555507,1.250169;-8.346799,-5.661066,0.4024955;-8.06952,-4.6268,0.07777512;-7.786934,-3.983971,-0.03031027;-7.450262,-3.538627,-0.0006418228;-8.660812,-3.427359,0.5582419;-8.297186,-2.398052,0.5286536;-7.918779,-1.77509,0.5380108;-7.604356,-1.210702,0.8376761;-8.800288,-3.492471,1.359139;-8.348185,-2.108429,1.46146;-7.88983,-1.404889,1.463423;-7.512276,-0.9837451,1.485519;-8.824688,-3.769302,1.90563;-8.421743,-2.368642,2.108957;-7.992573,-1.669581,2.229155;-7.626613,-1.266219,2.334557;-8.721813,-4.183753,2.387539;-8.471008,-3.147205,2.614276;-8.212904,-2.53227,2.780795;-7.921869,-2.038283,2.933793; 9.093
-2.936323,-6.013079,-0.2436293;-3.128168,-4.703525,-0.8360128;-3.192978,-4.00865,-0.8420236;-3.303936,-3.611444,-0.6919497;-3.399838,-3.180416,-0.4618243;-2.820589,-3.470579,0.1794396;-3.037814,-2.281335,0.4637963;-3.420412,-1.9385,0.4548947;-3.689811,-1.883476,0.3581973;-2.837247,-3.74486,0.6455071;-3.172746,-2.367591,1.120815;-3.580904,-1.88483,1.159312;-3.806767,-1.810272,1.057698;-2.95134,-4.146696,1.030246;-3.327333,-2.972734,1.473917;-3.753712,-2.505301,1.58882;-4.015913,-2.336617,1.607569;-3.185543,-4.634651,1.325222;-3.549097,-3.794899,1.689853;-3.8418,-3.448864,1.876233;-4.054469,-3.23749,1.96022;-8.94593,-6.514907,0.352507;-8.437993,-5.642297,-0.428544;-8.138699,-4.689643,-0.7066351;-7.837484,-4.083044,-0.8055431;-7.528771,-3.655021,-0.8129706;-8.69479,-3.552799,0.03058773;-8.282939,-2.426341,0.08159599;-7.915421,-1.761813,0.06909484;-7.583605,-1.329318,0.09102798;-8.716198,-3.722534,0.5836293;-8.232895,-2.293956,0.7239049;-7.796929,-1.522703,0.7565858;-7.439686,-1.003289,0.8330084;-8.615417,-4.078485,1.078755;-8.16384,-2.705567,1.307544;-7.780148,-1.912786,1.474557;-7.466028,-1.364592,1.627464;-8.421074,-4.581312,1.497742;-8.092242,-3.583072,1.740892;-7.876699,-2.982864,1.939415;-7.681139,-2.522216,2.103197; 9.231
-2.996871,-6.331399,-0.7460402;-2.906579,-5.413862,-1.665644;-2.962011,-4.52886,-1.914696;-3.098156,-3.908875,-1.997197;-3.307926,-3.402746,-2.037592;-2.790503,-3.891394,-0.7810597;-3.064928,-2.591144,-0.797447;-3.459524,-2.270197,-1.078942;-3.731478,-2.326006,-1.345095;-2.927738,-4.078973,-0.3127685;-3.261423,-2.511049,-0.1718165;-3.724598,-2.121371,-0.4608885;-4.043823,-2.163663,-0.7637862;-3.191539,-4.426054,0.05376804;-3.586977,-3.000245,0.1269333;-3.982178,-2.634048,-0.1702939;-4.263231,-2.625904,-0.4353274;-3.532315,-4.787416,0.3168287;-3.957242,-3.754022,0.3317022;-4.243053,-3.347207,0.1765401;-4.45858,-3.155757,-0.01140803;-8.754148,-6.133361,-0.5636758;-8.465809,-5.242341,-1.546619;-8.214397,-4.479917,-1.925865;-7.955211,-3.971094,-2.08333;-7.667547,-3.630939,-2.188339;-8.46796,-3.48828,-1.100308;-8.016233,-2.187801,-1.113144;-7.544712,-2.075233,-1.244575;-7.249571,-2.320964,-1.375526;-8.465486,-3.600248,-0.5407376;-7.878636,-2.141943,-0.5262022;-7.332783,-2.084009,-0.7257888;-7.041369,-2.446266,-0.9441634;-8.361802,-3.922866,-0.05395454;-7.789921,-2.608552,-0.05094415;-7.31178,-2.296094,-0.3369755;-6.988211,-2.465432,-0.532325;-8.143923,-4.358488,0.2484285;-7.620275,-3.324663,0.2019815;-7.279279,-2.999766,0.04611474;-7.005346,-2.965183,-0.1774813; 9.837
-2.931771,-6.413513,0.0202957;-3.452568,-5.611842,-0.7255861;-3.6413,-4.666166,-0.7003702;-3.896535,-4.082012,-0.4437252;-4.078763,-3.663533,-0.1633151;-2.645825,-3.751941,-0.562542;-3.14937,-2.910061,-0.6378265;-3.504324,-3.297624,-0.7590437;-3.555717,-3.73492,-0.8144141;-2.604066,-3.921705,-0.02543831;-3.202425,-2.82625,-0.1546348;-3.55003,-3.368278,-0.3887938;-3.485259,-3.849622,-0.5652167;-2.716129,-4.14598,0.4788389;-3.313356,-3.032995,0.3687492;-3.633787,-3.580844,0.09547483;-3.547474,-4.052605,-0.04443681;-2.97143,-4.348472,0.9203128;-3.484193,-3.440084,0.7487666;-3.715187,-3.84839,0.500958;-3.655317,-4.303059,0.4138849;-8.925975,-6.61321,1.593819;-8.185168,-5.962469,0.7474804;-7.814654,-4.994909,0.5442084;-7.483703,-4.383431,0.6349401;-7.187374,-3.872945,0.8234632;-8.552711,-3.476222,0.5344669;-7.958251,-2.699452,0.5798366;-7.571819,-3.166122,0.6358217;-7.475636,-3.673458,0.6572636;-8.708857,-3.494569,1.093384;-7.869811,-2.551715,1.028975;-7.48256,-3.345613,1.106955;-7.511276,-3.974686,1.111455;-8.750579,-3.675352,1.660836;-7.90659,-2.673788,1.570759;-7.542359,-3.527612,1.511244;-7.5939,-4.225229,1.452433;-8.649398,-3.958984,2.17757;-7.974093,-3.214586,2.042054;-7.671239,-3.7011,1.884278;-7.669534,-4.204625,1.761349; 10.241
-2.985446,-6.656017,0.6883205;-3.512781,-6.005597,0.5942745;-3.888196,-5.107325,0.7801133;-4.04879,-4.299597,1.111519;-3.813478,-3.895946,1.357934;-3.25538,-3.919501,0.2230859;-3.578188,-3.278131,0.5292447;-3.664871,-4.012405,0.5998689;-3.570364,-4.464307,0.5211846;-3.002797,-3.959627,0.4782585;-3.387775,-3.358547,0.9208438;-3.477955,-4.310422,0.9648165;-3.328213,-4.654468,0.7890921;-2.746354,-4.118071,0.8228607;-3.182837,-3.542987,1.206066;-3.278011,-4.47657,1.162213;-3.112068,-4.835422,0.9883832;-2.525293,-4.376693,1.174688;-2.998157,-3.909966,1.301363;-3.117651,-4.529573,1.202147;-2.945804,-4.857707,1.087117;-8.691692,-6.227897,0.3198151;-8.005586,-5.747444,0.04450482;-7.581296,-4.949087,0.05057582;-7.311023,-4.221019,0.2641225;-7.254003,-3.455459,0.4465604;-8.085944,-3.596469,-0.5597488;-7.727549,-2.885629,-0.1050558;-7.550049,-3.549943,0.2242215;-7.597865,-4.063591,0.3322073;-8.288487,-3.506128,-0.2094405;-7.769799,-2.789946,0.1930197;-7.679523,-3.854601,0.3846005;-7.87373,-4.323115,0.2527071;-8.496675,-3.530548,0.2434459;-7.93357,-2.918217,0.6058828;-7.891325,-3.953709,0.6012688;-8.131164,-4.419338,0.4423594;-8.673244,-3.654768,0.6730584;-8.110782,-3.22186,0.8229923;-8.047148,-3.922252,0.7176131;-8.288142,-4.383517,0.527256; 10.778
-2.909235,-6.68981,0.2775464;-3.467981,-6.121562,0.3237655;-3.904742,-5.302135,0.5765743;-4.072922,-4.370708,0.9488238;-3.772739,-3.859798,1.226775;-3.3571,-4.108245,-0.2065275;-3.603907,-3.332297,0.1756718;-3.635296,-4.154636,0.2211711;-3.516006,-4.588109,0.06133413;-3.093885,-4.12437,-0.003213555;-3.375174,-3.3865,0.6221672;-3.401875,-4.475828,0.6609009;-3.214759,-4.773389,0.4187782;-2.791212,-4.226988,0.2999436;-3.096388,-3.599246,0.8023943;-3.148382,-4.654344,0.7681925;-2.957854,-4.98902,0.5552121;-2.446865,-4.401702,0.6204685;-2.787924,-3.823272,0.8114965;-2.892553,-4.500432,0.7537895;-2.719102,-4.870063,0.6288587;-8.710205,-6.197851,-0.1196418;-8.058536,-5.796602,-0.1736827;-7.576406,-5.063543,-0.03843774;-7.291723,-4.269678,0.2619751;-7.37784,-3.578847,0.4764007;-8.009609,-3.70945,-0.9598033;-7.689898,-2.888901,-0.4855105;-7.536736,-3.553779,-0.1432167;-7.610596,-4.059099,-0.03642798;-8.209839,-3.621994,-0.6465386;-7.806113,-2.790388,-0.2042989;-7.722947,-3.831743,0.01754929;-7.906662,-4.285152,-0.1012771;-8.443005,-3.618765,-0.2216038;-7.985085,-2.899402,0.1741026;-7.934177,-3.927515,0.2261011;-8.15498,-4.40109,0.09690121;-8.681581,-3.69258,0.1830267;-8.174895,-3.178191,0.3534866;-8.090211,-3.8805,0.2959102;-8.307051,-4.371125,0.1367158; 10.910
-2.688779,-6.70281,0.008060219;-3.334903,-6.194038,0.1472099;-3.850866,-5.38199,0.3870271;-3.981573,-4.361495,0.7067769;-3.570948,-3.881877,0.9329214;-3.376358,-4.291223,-0.4141686;-3.573836,-3.396196,0.1049518;-3.569857,-4.241014,0.189171;-3.459444,-4.698341,-0.03879546;-3.084206,-4.240297,-0.2777;-3.298079,-3.431189,0.4404246;-3.279032,-4.543655,0.5138522;-3.103819,-4.941475,0.2366008;-2.746061,-4.276701,-0.03526925;-2.974964,-3.552192,0.5531521;-2.994366,-4.624273,0.5722187;-2.812767,-5.067309,0.3404582;-2.344939,-4.385959,0.2156153;-2.632711,-3.705984,0.458798;-2.729568,-4.401645,0.4531498;-2.587931,-4.87068,0.3187976;-8.805868,-6.191654,-0.5921672;-8.143463,-5.932149,-0.4905454;-7.572665,-5.239961,-0.3140801;-7.2914,-4.356761,0.007644653;-7.5493,-3.701163,0.2179262;-7.898809,-3.897887,-1.221035;-7.578342,-3.055778,-0.6399199;-7.543478,-3.831079,-0.355063;-7.677589,-4.281349,-0.4231735;-8.146258,-3.773981,-1.014428;-7.796221,-2.980169,-0.3716094;-7.846368,-4.104896,-0.2082686;-8.048883,-4.443133,-0.4674004;-8.456171,-3.735276,-0.6716562;-8.091578,-2.994894,-0.1320067;-8.135074,-4.108398,-0.1282091;-8.35744,-4.504671,-0.3783647;-8.821883,-3.794019,-0.31409;-8.397849,-3.151669,-0.1074203;-8.34912,-3.920331,-0.1759802;-8.547793,-4.384298,-0.3947987; 11.050
-2.635291,-6.729944,0.0009262876;-3.284728,-6.240413,0.1830993;-3.812973,-5.428615,0.4204813;-3.935468,-4.382761,0.7191439;-3.528513,-3.881561,0.9086578;-3.347744,-4.336299,-0.3364129;-3.51636,-3.416641,0.1908918;-3.519684,-4.263606,0.2520263;-3.43465,-4.694414,0.006405238;-3.049959,-4.26626,-0.2220742;-3.23327,-3.429458,0.5123125;-3.212585,-4.540788,0.5636734;-3.0576,-4.901283,0.2673472;-2.705769,-4.287403,0.00121035;-2.892819,-3.516624,0.6062966;-2.913177,-4.570501,0.599126;-2.749841,-4.966001,0.3493452;-2.29369,-4.387505,0.2330428;-2.528484,-3.656168,0.4848082;-2.629291,-4.340419,0.4753832;-2.511236,-4.782579,0.3396426;-8.810817,-6.223822,-0.480727;-8.126928,-5.920925,-0.3859437;-7.578399,-5.21886,-0.219628;-7.33212,-4.32076,0.08083534;-7.587867,-3.651098,0.2781334;-7.922151,-3.900796,-1.079978;-7.634832,-2.995883,-0.5225132;-7.561391,-3.74348,-0.2270758;-7.666096,-4.20952,-0.2762845;-8.146258,-3.773981,-0.9028631;-7.796221,-2.980169,-0.2600448;-7.846368,-4.104896,-0.09670395;-8.048883,-4.443133,-0.3558357;-8.456171,-3.735276,-0.5600916;-8.091578,-2.994894,-0.02044207;-8.135074,-4.108398,-0.01664448;-8.35744,-4.504671,-0.2668;-8.821883,-3.794019,-0.2025254;-8.397849,-3.151669,0.004144371;-8.34912,-3.920331,-0.06441554;-8.547793,-4.384298,-0.2832341; 11.117
-2.484861,-6.750829,0.4243141;-3.149383,-6.258777,0.6081759;-3.659502,-5.390293,0.8090354;-3.737244,-4.295973,1.058533;-3.395548,-3.647208,1.217256;-3.223127,-4.260538,0.1078722;-3.336688,-3.313515,0.5908296;-3.34516,-4.139783,0.730486;-3.29549,-4.718744,0.5595784;-2.899538,-4.164384,0.1965828;-3.013208,-3.288873,0.8066952;-3.037636,-4.306079,0.958531;-2.952227,-4.857313,0.7912644;-2.54099,-4.188197,0.3787028;-2.650153,-3.324271,0.9071319;-2.732718,-4.30196,0.9544509;-2.662999,-4.897614,0.7817293;-2.121313,-4.29932,0.5630178;-2.289621,-3.412898,0.8040773;-2.421276,-4.019551,0.8464077;-2.388964,-4.60857,0.7609579;-8.859951,-6.234483,-0.4636327;-8.186503,-5.974542,-0.3264505;-7.606121,-5.199499,-0.1322625;-7.371817,-4.227268,0.1876149;-7.650553,-3.478113,0.4103623;-7.914393,-3.886968,-1.020016;-7.646689,-2.975446,-0.4178329;-7.620296,-3.731142,-0.07548624;-7.757024,-4.242043,-0.08884847;-8.182303,-3.785822,-0.9014552;-7.863568,-2.943294,-0.2754609;-7.914153,-4.05844,-0.1034199;-8.125081,-4.468822,-0.3171538;-8.507693,-3.719616,-0.5600424;-8.177741,-2.938389,-0.0230757;-8.212547,-4.070961,-0.01954886;-8.434444,-4.533947,-0.2629371;-8.901797,-3.726059,-0.2071325;-8.503904,-2.991342,0.003802657;-8.456224,-3.789696,-0.08133259;-8.657234,-4.30768,-0.3008958; 11.252
-2.001891,-7.036821,2.710671;-2.641802,-6.663927,3.348236;-3.191322,-5.850268,3.763162;-3.408297,-4.905529,4.12002;-3.352666,-3.980253,4.468956;-2.750752,-3.994687,2.971205;-2.921092,-2.862028,3.352467;-2.938251,-2.299407,3.901289;-2.917963,-2.284972,4.279594;-2.278848,-3.772366,2.915554;-2.325199,-2.515668,3.244191;-2.343565,-2.005469,3.757767;-2.327977,-2.264871,4.157941;-1.838329,-3.855146,2.970783;-1.836126,-2.639736,3.257505;-1.835247,-2.219003,3.754573;-1.850945,-2.395978,4.104046;-1.379337,-4.1831,3.086755;-1.271845,-3.158163,3.378876;-1.283944,-2.753152,3.746804;-1.356018,-2.802598,4.043818;-9.021679,-6.393711,2.162329;-8.288863,-6.125419,2.391548;-7.718591,-5.251241,2.530555;-7.384152,-4.41819,2.727418;-7.166323,-3.663394,2.90584;-8.122393,-3.389751,1.883121;-7.93827,-2.33699,2.067323;-7.802362,-1.85315,2.470622;-7.691088,-1.780197,2.783573;-8.502236,-3.112024,1.963797;-8.387017,-1.906156,2.079795;-8.218027,-1.386743,2.499684;-8.078206,-1.42792,2.826462;-8.881666,-3.115276,2.113606;-8.834812,-1.912974,2.235626;-8.715149,-1.424353,2.527554;-8.602142,-1.368927,2.764164;-9.282626,-3.371863,2.289026;-9.302743,-2.30565,2.425194;-9.229781,-1.818177,2.574346;-9.107512,-1.593006,2.710751; 11.743
-1.697734,-7.088275,3.551467;-2.380437,-6.800851,4.324717;-2.936795,-6.058631,4.751716;-3.253786,-5.219969,5.093087;-3.503431,-4.537328,5.421127;-2.428216,-3.878677,4.409265;-2.637211,-2.476705,4.796671;-2.739526,-1.564072,5.132192;-2.776545,-0.7334476,5.423504;-1.948656,-3.649624,4.274617;-1.994962,-2.057095,4.622812;-2.008234,-0.9473987,4.9895;-1.986465,-0.01492405,5.299373;-1.505336,-3.778541,4.227322;-1.434073,-2.343403,4.503916;-1.421302,-1.360729,4.817286;-1.410522,-0.5198464,5.121382;-1.069761,-4.20475,4.229093;-0.8256226,-3.089662,4.483916;-0.6732683,-2.3399,4.762425;-0.5485926,-1.643465,5.039581;-9.37096,-6.359409,2.624343;-8.569782,-6.096675,2.919321;-7.922106,-5.271301,3.149245;-7.480609,-4.447059,3.408114;-7.113935,-3.908729,3.659371;-8.3969,-3.245255,2.864764;-8.162809,-1.944727,3.179378;-8.011462,-1.165828,3.524369;-7.866473,-0.465775,3.784773;-8.811197,-2.96805,3.023027;-8.634611,-1.361572,3.300451;-8.494053,-0.2875295,3.662126;-8.366214,0.6788259,3.948229;-9.224834,-3.010845,3.228264;-9.09371,-1.488539,3.496422;-8.963139,-0.5327468,3.753921;-8.811776,0.3083906,3.956933;-9.663967,-3.323577,3.460321;-9.735874,-2.15563,3.730113;-9.733881,-1.362213,3.902953;-9.685997,-0.5893531,4.025108; 12.214
-1.43985,-7.236259,4.337286;-2.145335,-6.925138,5.10019;-2.740952,-6.140165,5.542789;-3.114393,-5.30698,5.91102;-3.426652,-4.713062,6.292979;-2.220534,-3.84239,5.236401;-2.421414,-2.441735,5.629648;-2.525062,-1.504091,5.976454;-2.571696,-0.6390796,6.291867;-1.714726,-3.587023,5.143788;-1.781709,-1.947166,5.508382;-1.813583,-0.7721343,5.919174;-1.819404,0.2165222,6.272865;-1.246397,-3.736294,5.127563;-1.197487,-2.230602,5.446868;-1.188073,-1.187028,5.815493;-1.185644,-0.3038011,6.185395;-0.7956009,-4.223199,5.15935;-0.4914436,-3.103993,5.47155;-0.2991848,-2.319038,5.78911;-0.1420774,-1.599864,6.108702;-9.622434,-6.325209,2.808759;-8.834381,-6.082347,3.046335;-8.132801,-5.257194,3.265743;-7.603045,-4.523326,3.535144;-7.157297,-4.126337,3.877075;-8.633837,-3.076535,3.013866;-8.379902,-1.641521,3.2494;-8.262366,-0.6789098,3.486032;-8.15728,0.1346908,3.648267;-9.093171,-2.869009,3.148096;-8.896797,-1.442884,3.372791;-8.773181,-0.5244575,3.607101;-8.6689,0.2556806,3.79125;-9.546759,-2.935546,3.31799;-9.424299,-1.584831,3.53573;-9.317838,-0.81074,3.691976;-9.202182,-0.1508393,3.808783;-10.01435,-3.249933,3.520508;-10.11294,-2.080129,3.749918;-10.12923,-1.323766,3.885596;-10.07689,-0.5794559,4.005586; 12.421
-1.264849,-7.365224,4.566674;-1.988436,-6.999708,5.287209;-2.604197,-6.226377,5.705526;-2.993579,-5.397344,6.059644;-3.303913,-4.828413,6.43308;-2.038073,-3.872415,5.357968;-2.244452,-2.464571,5.708472;-2.35779,-1.533153,6.027567;-2.406701,-0.680223,6.330169;-1.535583,-3.63003,5.283046;-1.596437,-1.96867,5.619334;-1.627989,-0.8222594,6.002549;-1.626338,0.1304102,6.317679;-1.070412,-3.779681,5.279701;-1.004949,-2.267881,5.581397;-0.9803696,-1.231653,5.934802;-0.9672947,-0.3587298,6.275109;-0.6214886,-4.262886,5.325793;-0.2981052,-3.148226,5.629809;-0.09212399,-2.389577,5.913967;0.07768726,-1.700244,6.195529;-9.70442,-6.381713,2.761179;-8.856073,-6.055496,3.125221;-8.16944,-5.251743,3.466796;-7.654428,-4.548431,3.81264;-7.211796,-4.175169,4.222152;-8.680663,-3.066638,3.331043;-8.430669,-1.551124,3.73554;-8.295236,-0.4784155,4.088523;-8.173996,0.4295063,4.321388;-9.143517,-2.897996,3.460188;-8.925779,-1.318851,3.884017;-8.765331,-0.1680431,4.287441;-8.629415,0.8158765,4.597446;-9.615185,-3.021635,3.61496;-9.474688,-1.54611,3.979551;-9.369538,-0.5938687,4.235401;-9.24467,0.2276855,4.434152;-10.09391,-3.37564,3.788775;-10.18342,-2.179501,4.118346;-10.19775,-1.366718,4.306564;-10.14186,-0.553926,4.45764; 12.563
-0.356988,-8.29347,4.787982;-1.013752,-7.770445,5.705102;-1.589843,-6.546649,6.047883;-1.966083,-5.422554,6.288332;-2.209949,-4.465539,6.565343;-1.116808,-4.597994,5.216147;-1.267312,-3.070528,5.451216;-1.271287,-2.23755,5.848396;-1.22259,-1.815508,6.21882;-0.689569,-4.435157,4.955072;-0.7651625,-2.748015,5.336874;-0.7522774,-2.039396,5.78396;-0.7138472,-2.00102,6.108017;-0.3113041,-4.570385,4.823959;-0.2767591,-3.112736,5.24566;-0.2554297,-2.782104,5.815932;-0.2627592,-3.030805,6.1674;0.06256199,-4.914662,4.754011;0.1095648,-3.84086,5.203418;0.1320939,-3.47408,5.605715;0.1079988,-3.545731,5.894538;-9.808567,-6.780668,4.197634;-9.035517,-6.351829,4.547549;-8.3359,-5.250857,5.043945;-7.89